N,P,K,temperature,humidity,ph,rainfall,label,season,soil type,state
90,42,43,20.87974371,82.00274423,6.502985292,202.9355362,rice,Kharif,sandy,Karnataka
85,58,41,21.77046169,80.31964408,7.038096361,226.6555374,rice,Kharif,black,Punjab
60,55,44,23.00445915,82.3207629,7.840207144,263.9642476,rice,Kharif,loamy,Karnataka
74,35,40,26.49109635,80.15836264,6.980400905,242.8640342,rice,Kharif,black,Tamil Nadu
78,42,42,20.13017482,81.60487287,7.628472891,262.7173405,rice,Kharif,black,Tamil Nadu
69,37,42,23.05804872,83.37011772,7.073453503,251.0549998,rice,Kharif,red,Tamil Nadu
69,55,38,22.70883798,82.63941394,5.70080568,271.3248604,rice,Kharif,black,Tamil Nadu
94,53,40,20.27774362,82.89408619,5.718627178,241.9741949,rice,Kharif,red,Karnataka
89,54,38,24.51588066,83.5352163,6.685346424,230.4462359,rice,Kharif,clay,Tamil Nadu
68,58,38,23.22397386,83.03322691,6.336253525,221.2091958,rice,Kharif,loamy,Punjab
91,53,40,26.52723513,81.41753846,5.386167788,264.6148697,rice,Kharif,loamy,Uttar Pradesh
90,46,42,23.97898217,81.45061596,7.50283396,250.0832336,rice,Kharif,black,Tamil Nadu
78,58,44,26.80079604,80.88684822,5.108681786,284.4364567,rice,Kharif,clay,Punjab
93,56,36,24.01497622,82.05687182,6.98435366,185.2773389,rice,Kharif,clay,Maharashtra
94,50,37,25.66585205,80.66385045,6.94801983,209.5869708,rice,Kharif,sandy,Karnataka
60,48,39,24.28209415,80.30025587,7.042299069,231.0863347,rice,Kharif,loamy,Uttar Pradesh
85,38,41,21.58711777,82.7883708,6.249050656,276.6552459,rice,Kharif,loamy,Tamil Nadu
91,35,39,23.79391957,80.41817957,6.970859754,206.2611855,rice,Kharif,sandy,Karnataka
77,38,36,21.8652524,80.1923008,5.953933276,224.5550169,rice,Kharif,clay,Maharashtra
88,35,40,23.57943626,83.58760316,5.85393208,291.2986618,rice,Kharif,sandy,Punjab
89,45,36,21.32504158,80.47476396,6.442475375,185.4974732,rice,Kharif,black,Karnataka
76,40,43,25.15745531,83.11713476,5.070175667,231.3843163,rice,Kharif,red,Uttar Pradesh
67,59,41,21.94766735,80.97384195,6.012632591,213.3560921,rice,Kharif,clay,Maharashtra
83,41,43,21.0525355,82.67839517,6.254028451,233.1075816,rice,Kharif,sandy,Uttar Pradesh
98,47,37,23.48381344,81.33265073,7.375482851,224.0581164,rice,Kharif,clay,Tamil Nadu
66,53,41,25.0756354,80.52389148,7.778915154,257.0038865,rice,Kharif,black,Karnataka
97,59,43,26.35927159,84.04403589,6.286500176,271.3586137,rice,Kharif,red,Karnataka
97,50,41,24.52922681,80.54498576,7.070959995,260.2634026,rice,Kharif,loamy,Karnataka
60,49,44,20.77576147,84.49774397,6.244841491,240.0810647,rice,Kharif,loamy,Punjab
84,51,35,22.30157427,80.64416466,6.043304899,197.9791215,rice,Kharif,sandy,Karnataka
73,57,41,21.44653958,84.94375962,5.824709117,272.2017204,rice,Kharif,red,Maharashtra
92,35,40,22.17931888,80.33127223,6.357389366,200.0882787,rice,Kharif,red,Uttar Pradesh
85,37,39,24.52783742,82.73685569,6.364134968,224.6757231,rice,Kharif,loamy,Uttar Pradesh
98,53,38,20.26707606,81.63895217,5.01450727,270.4417274,rice,Kharif,sandy,Uttar Pradesh
88,54,44,25.7354293,83.88266234,6.149410611,233.1321372,rice,Kharif,black,Karnataka
95,55,42,26.79533926,82.1480873,5.950660556,193.3473987,rice,Kharif,sandy,Punjab
99,57,35,26.75754171,81.17734011,5.960370061,272.2999056,rice,Kharif,loamy,Punjab
95,39,36,23.86330467,83.15250801,5.561398642,285.2493645,rice,Kharif,red,Karnataka
60,43,44,21.01944696,82.95221726,7.416245107,298.4018471,rice,Kharif,loamy,Punjab
63,44,41,24.17298839,83.7287574,5.583370042,257.0343554,rice,Kharif,red,Punjab
62,42,36,22.78133816,82.06719137,6.430010215,248.7183228,rice,Kharif,clay,Karnataka
64,45,43,25.62980105,83.52842314,5.534878156,209.9001977,rice,Kharif,loamy,Uttar Pradesh
83,60,36,25.59704938,80.14509262,6.903985986,200.834898,rice,Kharif,red,Tamil Nadu
82,40,40,23.83067496,84.81360127,6.271478838,298.5601175,rice,Kharif,sandy,Karnataka
85,52,45,26.31355498,82.36698992,7.224285503,265.5355937,rice,Kharif,clay,Maharashtra
91,35,38,24.8972823,80.52586088,6.13428721,183.6793207,rice,Kharif,red,Punjab
76,49,42,24.958779,84.47963372,5.206373153,196.9560008,rice,Kharif,loamy,Uttar Pradesh
74,39,38,23.24113501,84.59201843,7.782051313,233.0453455,rice,Kharif,red,Maharashtra
79,43,39,21.66628296,80.70960551,7.062779015,210.8142087,rice,Kharif,black,Uttar Pradesh
88,55,45,24.63544858,80.41363018,7.730367824,253.7202781,rice,Kharif,black,Punjab
60,36,43,23.43121862,83.06310136,5.286203711,219.9048349,rice,Kharif,loamy,Punjab
76,60,39,20.0454142,80.3477562,6.766240045,208.5810155,rice,Kharif,black,Tamil Nadu
93,56,42,23.85724032,82.22572988,7.382762603,195.0948311,rice,Kharif,red,Maharashtra
65,60,43,21.97199397,81.89918197,5.658169482,227.3637009,rice,Kharif,sandy,Maharashtra
95,52,36,26.22916897,83.83625819,5.543360238,286.5083725,rice,Kharif,sandy,Punjab
75,38,39,23.44676801,84.79352417,6.215109715,283.9338466,rice,Kharif,black,Punjab
74,54,38,25.65553461,83.47021081,7.120272972,217.3788583,rice,Kharif,red,Punjab
91,36,45,24.44345477,82.45432595,5.950647577,267.9761948,rice,Kharif,clay,Tamil Nadu
71,46,40,20.2801937,82.1235421,7.236705436,191.9535738,rice,Kharif,black,Uttar Pradesh
99,55,35,21.7238313,80.2389895,6.501697816,277.9626192,rice,Kharif,clay,Karnataka
72,40,38,20.41447029,82.20802629,7.592490617,245.1511304,rice,Kharif,red,Karnataka
83,58,45,25.75528612,83.51827127,5.875345751,245.6626799,rice,Kharif,sandy,Karnataka
93,58,38,20.61521424,83.77345559,6.932400225,279.5451717,rice,Kharif,sandy,Tamil Nadu
70,36,42,21.84106875,80.72886384,6.946209881,202.3838319,rice,Kharif,sandy,Karnataka
76,47,42,20.08369642,83.29114712,5.739175027,263.6372176,rice,Kharif,red,Tamil Nadu
99,41,36,24.45802087,82.74835604,6.738652179,182.5616319,rice,Kharif,black,Tamil Nadu
99,54,37,21.14347496,80.33502926,5.594819626,198.6730942,rice,Kharif,loamy,Uttar Pradesh
86,59,35,25.78720567,82.11124033,6.946636369,243.5120414,rice,Kharif,sandy,Tamil Nadu
69,46,41,23.64124821,80.28597873,5.012139669,263.1103304,rice,Kharif,clay,Punjab
91,56,37,23.43191632,80.56887849,6.363472208,269.5039162,rice,Kharif,clay,Uttar Pradesh
61,52,41,24.97669518,83.891805,6.880431223,204.8001847,rice,Kharif,black,Karnataka
67,45,38,22.72791041,82.1706881,7.300410836,260.8875056,rice,Kharif,sandy,Karnataka
79,42,37,24.87300744,82.84022551,6.587918708,295.6094492,rice,Kharif,clay,Maharashtra
78,43,42,21.32376327,83.00320459,7.283736617,192.3197536,rice,Kharif,clay,Tamil Nadu
75,54,36,26.29465461,84.56919326,7.023936392,257.4914906,rice,Kharif,sandy,Tamil Nadu
97,36,45,22.2286982,81.85872947,6.939083505,278.0791793,rice,Kharif,loamy,Punjab
67,47,44,26.73072391,81.78596776,7.868474653,280.4044392,rice,Kharif,loamy,Karnataka
73,35,38,24.88921174,81.97927117,5.005306977,185.9461429,rice,Kharif,loamy,Tamil Nadu
77,36,37,26.88444878,81.46033732,6.136131869,194.5766559,rice,Kharif,red,Karnataka
81,41,38,22.67846116,83.72874389,7.524080076,200.9133156,rice,Kharif,black,Uttar Pradesh
68,57,43,26.08867875,80.37979919,5.706943251,182.9043504,rice,Kharif,sandy,Tamil Nadu
72,45,35,25.42977518,82.94682591,5.758506323,195.3574542,rice,Kharif,red,Tamil Nadu
61,53,43,26.40323239,81.05635517,6.349606327,223.3671883,rice,Kharif,red,Maharashtra
67,43,39,26.04371967,84.96907151,5.999969026,186.7536773,rice,Kharif,clay,Tamil Nadu
67,58,39,25.2827223,80.54372813,5.453592032,220.1156708,rice,Kharif,sandy,Maharashtra
66,60,38,22.08576562,83.47038318,6.372576327,231.7364957,rice,Kharif,clay,Tamil Nadu
82,43,38,23.28617173,81.43321641,5.105588355,242.3170629,rice,Kharif,black,Punjab
84,50,44,25.48591986,81.40633547,5.935344406,182.6549356,rice,Kharif,black,Punjab
81,53,42,23.67575393,81.03569343,5.17782304,233.7034975,rice,Kharif,black,Tamil Nadu
91,50,40,20.82477109,84.1341879,6.462391607,230.2242223,rice,Kharif,sandy,Tamil Nadu
93,53,38,26.92995077,81.91411159,7.069172227,290.6793783,rice,Kharif,loamy,Maharashtra
90,44,38,23.83509503,83.88387074,7.473134377,241.2013513,rice,Kharif,black,Maharashtra
81,45,35,26.52872817,80.12267476,6.158376967,218.9163567,rice,Kharif,loamy,Tamil Nadu
78,40,38,26.46428311,83.85642678,7.549873681,248.2256491,rice,Kharif,sandy,Punjab
60,51,36,22.69657794,82.81088865,6.028321558,256.9964761,rice,Kharif,clay,Tamil Nadu
88,46,42,22.68319059,83.46358271,6.604993475,194.2651719,rice,Kharif,sandy,Karnataka
93,47,37,21.53346343,82.14004101,6.500343222,295.9248796,rice,Kharif,black,Maharashtra
60,55,45,21.40865769,83.3293191,5.935745417,287.5766935,rice,Kharif,black,Tamil Nadu
78,35,44,26.54348085,84.67353597,7.072655622,183.6222657,rice,Kharif,red,Maharashtra
65,37,40,23.35905428,83.59512273,5.333322606,188.413665,rice,Kharif,sandy,Karnataka
71,54,16,22.61359953,63.69070564,5.749914421,87.75953857,maize,Kharif,black,Karnataka
61,44,17,26.10018422,71.57476937,6.931756558,102.2662445,maize,Kharif,loamy,Karnataka
80,43,16,23.55882094,71.59351368,6.657964753,66.71995467,maize,Kharif,black,Karnataka
73,58,21,19.97215954,57.68272924,6.596060648,60.65171481,maize,Kharif,clay,Karnataka
61,38,20,18.47891261,62.69503871,5.970458434,65.43835393,maize,Kharif,black,Tamil Nadu
68,41,16,21.77689322,57.80840636,6.158830619,102.0861694,maize,Kharif,sandy,Tamil Nadu
93,41,17,25.6217169,66.50415474,6.047906679,105.4654703,maize,Kharif,red,Maharashtra
89,60,19,25.19192419,66.6902901,5.913664501,78.06639649,maize,Kharif,red,Punjab
76,44,17,20.41683147,62.5542482,5.855442401,65.27798457,maize,Kharif,clay,Uttar Pradesh
67,60,25,24.92162194,66.78627406,5.750254943,109.2162279,maize,Kharif,clay,Tamil Nadu
70,44,19,23.31689124,73.4541537,5.852607099,94.29712821,maize,Kharif,loamy,Karnataka
90,49,21,24.84016732,68.3584573,6.472523287,74.05474936,maize,Kharif,red,Uttar Pradesh
62,52,16,22.27526694,58.84015925,6.967057762,63.87020584,maize,Kharif,clay,Tamil Nadu
92,44,16,18.87751445,65.76816093,6.082973754,94.76189431,maize,Kharif,sandy,Karnataka
66,54,21,25.19008683,60.2001687,5.919045532,72.12375573,maize,Kharif,red,Punjab
63,58,22,18.25405352,55.28220433,6.204747653,63.72358154,maize,Kharif,red,Tamil Nadu
70,47,17,24.6129118,70.4162444,6.600827017,104.1626147,maize,Kharif,clay,Punjab
61,41,17,25.1420613,65.26185135,6.021902237,76.68456006,maize,Kharif,black,Uttar Pradesh
66,53,19,23.09348056,60.1159381,6.033550195,65.49730729,maize,Kharif,red,Tamil Nadu
74,55,19,18.05033737,62.89366992,6.28886807,84.23613484,maize,Kharif,black,Uttar Pradesh
77,57,21,24.9321581,73.80435276,6.550563823,79.74078719,maize,Kharif,clay,Karnataka
99,50,15,18.14710054,71.09445342,5.573286437,88.07753741,maize,Kharif,sandy,Karnataka
74,56,22,18.28362235,66.65952796,6.829199275,80.97573281,maize,Kharif,clay,Karnataka
83,45,21,18.83344471,58.75082029,5.716222912,79.7532896,maize,Kharif,clay,Uttar Pradesh
100,48,16,25.71895816,67.22190688,5.54990242,74.51490791,maize,Kharif,loamy,Tamil Nadu
79,51,16,25.33797709,68.49835977,6.586244581,96.46380213,maize,Kharif,sandy,Uttar Pradesh
94,39,18,23.89114571,57.48775781,5.893093135,102.8301942,maize,Kharif,sandy,Tamil Nadu
75,49,15,21.53574127,71.50905983,5.918263801,102.4852929,maize,Kharif,loamy,Punjab
78,48,22,23.08974909,63.10459626,5.588650585,70.43473609,maize,Kharif,loamy,Tamil Nadu
87,54,20,25.61707368,63.4711755,6.576418207,108.8303762,maize,Kharif,black,Tamil Nadu
87,35,25,21.44526922,63.1621551,6.178056304,65.88951188,maize,Kharif,red,Punjab
63,43,19,18.51816776,55.53128131,6.641906353,90.988051,maize,Kharif,loamy,Karnataka
84,57,25,22.53510514,67.99257471,6.489040367,64.40866039,maize,Kharif,red,Punjab
64,35,23,23.02038334,61.89472002,5.680361038,63.03843397,maize,Kharif,loamy,Maharashtra
60,46,22,24.89364635,65.61418761,6.625404348,87.9298085,maize,Kharif,clay,Karnataka
98,44,21,25.77175115,74.089114,6.524478032,107.4931917,maize,Kharif,red,Karnataka
75,56,18,19.39851734,62.35750641,5.696205468,60.95197486,maize,Kharif,black,Maharashtra
86,55,21,21.54156232,59.64024162,6.803931519,109.7515385,maize,Kharif,clay,Karnataka
98,35,18,23.79746068,74.82913698,6.252797548,91.76337172,maize,Kharif,clay,Karnataka
76,57,18,18.9802729,74.52600826,6.092725883,94.26249353,maize,Kharif,black,Tamil Nadu
99,56,17,24.10859207,73.13112261,6.234330356,71.07562236,maize,Kharif,sandy,Uttar Pradesh
60,44,23,24.7947077,70.04556743,5.722579819,76.72860067,maize,Kharif,red,Karnataka
74,48,17,21.63162756,60.27766379,6.430616465,69.21803098,maize,Kharif,sandy,Uttar Pradesh
89,60,17,25.37548751,57.21025565,5.983952675,101.7004306,maize,Kharif,black,Tamil Nadu
69,51,23,22.21738222,72.85462807,6.80163854,106.6213157,maize,Kharif,sandy,Maharashtra
96,46,22,20.58314011,69.00128641,6.499936446,66.29390357,maize,Kharif,clay,Punjab
61,60,15,24.87502824,68.74248334,6.265564338,91.26056654,maize,Kharif,red,Tamil Nadu
74,58,18,20.03728219,56.35606753,6.727303282,109.024141,maize,Kharif,clay,Maharashtra
74,43,23,25.95263264,61.89082199,6.325235159,99.57981207,maize,Kharif,black,Tamil Nadu
63,43,17,19.28889933,65.47050802,6.807487794,71.3195307,maize,Kharif,loamy,Maharashtra
99,36,20,20.57981887,65.34583901,6.671085817,78.34604471,maize,Kharif,red,Karnataka
77,36,23,24.71417533,56.73426469,6.648725327,88.45361858,maize,Kharif,sandy,Tamil Nadu
87,60,23,20.27317074,63.91281869,6.439071996,62.50351892,maize,Kharif,clay,Tamil Nadu
60,38,17,18.41932981,64.23580251,6.474476516,76.41312437,maize,Kharif,sandy,Karnataka
94,54,17,23.39128187,61.74427165,5.871647806,107.3198135,maize,Kharif,clay,Tamil Nadu
95,38,22,19.84939404,61.24500053,5.730617109,100.7689246,maize,Kharif,black,Karnataka
84,44,21,21.869274,61.91044947,5.850439831,107.2681929,maize,Kharif,black,Uttar Pradesh
77,58,19,22.8056033,56.50768935,5.791649933,101.5952794,maize,Kharif,red,Karnataka
66,44,20,19.0781471,69.02298571,6.740000688,80.72515943,maize,Kharif,clay,Uttar Pradesh
63,35,16,22.02720976,65.35549924,6.272417541,83.73280082,maize,Kharif,loamy,Maharashtra
79,45,20,23.80546189,59.24537979,5.715208817,89.9622014,maize,Kharif,black,Karnataka
72,60,25,18.52510753,69.0276233,5.773454729,88.10234397,maize,Kharif,loamy,Maharashtra
67,51,24,23.50297882,61.32026065,5.584171461,64.77791424,maize,Kharif,sandy,Maharashtra
86,36,24,26.54986394,72.89187265,5.787268394,73.33636055,maize,Kharif,clay,Karnataka
76,48,18,19.29563411,69.63481219,5.77597783,83.21030571,maize,Kharif,clay,Tamil Nadu
75,53,18,20.68899915,59.4375337,6.864793607,103.651438,maize,Kharif,loamy,Tamil Nadu
81,45,23,19.32666088,68.034493,6.192360003,84.22969177,maize,Kharif,red,Tamil Nadu
73,45,21,24.60532218,73.58868502,6.636803223,96.59195302,maize,Kharif,red,Uttar Pradesh
71,35,24,22.27373646,59.52193158,5.826426917,67.96704792,maize,Kharif,sandy,Uttar Pradesh
96,54,22,25.70196694,61.33450447,6.960358276,83.20711308,maize,Kharif,black,Maharashtra
99,39,18,19.20129357,68.30578978,6.11275104,87.85092352,maize,Kharif,clay,Karnataka
62,48,20,21.70181447,60.47470519,6.708446922,95.71388473,maize,Kharif,black,Uttar Pradesh
86,37,16,20.51716779,59.21235483,5.561510732,67.61013737,maize,Kharif,clay,Uttar Pradesh
94,50,19,23.30355338,73.62548442,5.873242491,97.59081274,maize,Kharif,clay,Tamil Nadu
76,39,24,24.2547451,55.64709899,6.995843776,64.23845455,maize,Kharif,sandy,Uttar Pradesh
77,52,17,24.86374934,65.7420046,5.714799723,75.82270467,maize,Kharif,red,Punjab
74,39,23,22.6265115,65.77472881,6.78073637,88.17251033,maize,Kharif,black,Karnataka
81,49,20,18.04185513,60.61494304,5.513697923,104.2321615,maize,Kharif,black,Karnataka
63,42,21,23.26237612,72.33125523,5.798423908,67.10225139,maize,Kharif,clay,Tamil Nadu
99,38,21,22.88330922,71.59722446,6.352471866,67.72777298,maize,Kharif,sandy,Maharashtra
90,52,25,25.97482359,69.36385721,6.822586546,103.2234212,maize,Kharif,red,Punjab
68,40,19,26.14384005,66.20569924,6.655426355,107.2361366,maize,Kharif,sandy,Punjab
60,57,24,18.66116213,61.55327249,6.121294041,75.03247667,maize,Kharif,red,Karnataka
71,52,18,25.10787449,55.97732754,5.790770203,78.16077693,maize,Kharif,sandy,Karnataka
61,59,17,23.33844615,59.24580604,6.47444292,105.0083144,maize,Kharif,clay,Uttar Pradesh
88,38,15,25.08239719,65.92195844,6.455116637,62.49190812,maize,Kharif,sandy,Uttar Pradesh
65,60,22,25.36768364,72.52054555,6.606984086,107.9124111,maize,Kharif,loamy,Maharashtra
78,37,22,25.34217103,63.31801994,6.330554389,74.52082026,maize,Kharif,sandy,Tamil Nadu
78,58,15,25.00933355,67.816568,6.528631266,62.91359494,maize,Kharif,black,Punjab
92,60,23,18.66746724,71.516474,5.721667141,69.93293255,maize,Kharif,red,Uttar Pradesh
79,59,17,20.37999665,63.73849998,6.644205485,108.5054416,maize,Kharif,sandy,Punjab
91,55,15,18.09300227,72.61024172,6.376651091,78.96159541,maize,Kharif,sandy,Punjab
76,51,18,26.16985907,71.96246617,6.247040422,79.84925393,maize,Kharif,sandy,Punjab
87,48,25,18.65396672,61.37879671,6.656730008,93.62039175,maize,Kharif,clay,Maharashtra
71,60,22,26.07470121,59.37147589,6.2048017,85.75692395,maize,Kharif,red,Maharashtra
90,57,24,18.92851916,72.80086137,6.158860284,82.34162918,maize,Kharif,sandy,Tamil Nadu
67,35,22,23.30546753,63.24648023,6.385684214,108.7603001,maize,Kharif,red,Karnataka
60,54,19,18.74826712,62.49878458,6.417820493,70.23401597,maize,Kharif,red,Tamil Nadu
83,58,23,19.74213321,59.66263104,6.381201909,65.50861389,maize,Kharif,black,Maharashtra
83,57,19,25.73044432,70.74739256,6.877869005,98.73771338,maize,Kharif,loamy,Uttar Pradesh
40,72,77,17.02498456,16.98861173,7.485996067,88.55123143,chickpea,Rabi,loamy,Tamil Nadu
23,72,84,19.02061277,17.13159126,6.920251378,79.92698081,chickpea,Rabi,sandy,Punjab
39,58,85,17.88776475,15.40589717,5.996932037,68.54932919,chickpea,Rabi,sandy,Karnataka
22,72,85,18.86805647,15.65809214,6.391173589,88.51048983,chickpea,Rabi,sandy,Uttar Pradesh
36,67,77,18.36952567,19.56381041,7.152811172,79.26357665,chickpea,Rabi,red,Tamil Nadu
32,73,81,20.45078582,15.40312102,5.988992796,92.68373702,chickpea,Rabi,red,Punjab
58,70,84,20.6543203,16.60820843,6.231049028,74.6631118,chickpea,Rabi,loamy,Maharashtra
59,70,84,17.3348681,18.74926979,7.550808267,82.61734721,chickpea,Rabi,red,Uttar Pradesh
42,62,75,18.17912258,18.90426935,7.010570541,81.84997529,chickpea,Rabi,black,Punjab
28,74,81,18.01272266,18.30968112,8.753795334,81.98568791,chickpea,Rabi,red,Maharashtra
58,66,79,20.99373558,19.33470387,8.718192847,93.55280105,chickpea,Rabi,black,Uttar Pradesh
43,66,79,19.46233971,15.22538951,7.976607593,74.58565097,chickpea,Rabi,red,Uttar Pradesh
58,63,81,19.81344531,14.69765308,6.515499549,78.96514709,chickpea,Rabi,red,Uttar Pradesh
23,62,85,18.97424756,19.5161216,8.490127142,80.7108745,chickpea,Rabi,clay,Maharashtra
27,62,77,18.19737048,14.71070537,6.576415562,70.18185181,chickpea,Rabi,black,Uttar Pradesh
28,72,84,18.72963144,19.18197264,6.481783043,71.58010169,chickpea,Rabi,sandy,Uttar Pradesh
50,56,76,20.99502153,19.8601304,7.966605025,73.50734019,chickpea,Rabi,sandy,Punjab
39,71,84,20.28155898,16.39535215,8.140825437,82.52339655,chickpea,Rabi,black,Tamil Nadu
25,78,76,17.48042641,15.7559405,7.228963452,66.96980581,chickpea,Rabi,sandy,Karnataka
31,70,77,20.88818675,14.32313811,6.492546046,90.46228334,chickpea,Rabi,black,Karnataka
26,80,83,17.08498521,16.14565756,7.528599957,71.31007253,chickpea,Rabi,clay,Uttar Pradesh
25,68,77,20.09340593,15.11279612,7.701446446,85.74904898,chickpea,Rabi,red,Maharashtra
31,78,76,17.57212145,14.99927489,8.519975748,89.31050665,chickpea,Rabi,black,Uttar Pradesh
60,68,83,19.12065218,18.43475844,6.620900869,85.52950164,chickpea,Rabi,red,Maharashtra
59,62,83,18.57665902,19.22008229,8.104396058,72.94940441,chickpea,Rabi,sandy,Maharashtra
22,67,78,17.16606398,14.42457525,6.204090835,72.32667516,chickpea,Rabi,black,Uttar Pradesh
36,65,80,18.2872007,16.67921616,6.051091339,74.87445574,chickpea,Rabi,sandy,Uttar Pradesh
59,60,84,19.03025305,18.66725565,7.690962338,94.70992037,chickpea,Rabi,clay,Uttar Pradesh
54,77,85,17.1418614,17.0662427,7.829211144,83.74606679,chickpea,Rabi,loamy,Punjab
43,68,81,17.47809436,17.93253975,6.761599706,78.92060234,chickpea,Rabi,black,Punjab
28,76,82,20.56601874,14.25803981,6.654425315,83.75937135,chickpea,Rabi,loamy,Uttar Pradesh
42,79,85,17.22385224,15.82069268,6.129533877,76.57580954,chickpea,Rabi,sandy,Karnataka
32,60,83,19.69141713,19.44225438,8.829273328,91.76071648,chickpea,Rabi,black,Uttar Pradesh
22,78,76,17.84851658,19.09172907,8.621662982,76.32470713,chickpea,Rabi,sandy,Karnataka
31,79,75,18.8202251,16.1074793,8.204862075,89.73119396,chickpea,Rabi,black,Uttar Pradesh
28,58,81,17.47500984,16.54314829,6.18042747,93.35034262,chickpea,Rabi,black,Maharashtra
57,58,77,18.72649425,17.58406365,7.978996755,81.20176515,chickpea,Rabi,sandy,Punjab
49,55,78,18.65580107,16.17772668,7.863113671,81.70769297,chickpea,Rabi,black,Karnataka
46,76,77,18.2356751,19.68538502,6.967843048,83.74879344,chickpea,Rabi,loamy,Maharashtra
54,61,77,18.81198127,15.21618225,6.206582193,77.5429424,chickpea,Rabi,clay,Karnataka
38,60,76,18.65054116,17.80852431,8.868741443,77.92798682,chickpea,Rabi,black,Uttar Pradesh
59,55,79,20.36720401,16.89574311,8.766128654,82.2545577,chickpea,Rabi,loamy,Maharashtra
36,76,75,18.38120357,16.63805158,8.736337905,70.52056697,chickpea,Rabi,red,Karnataka
57,68,81,17.17012591,17.30457712,8.081095263,72.78624223,chickpea,Rabi,clay,Karnataka
35,66,81,19.37101121,15.77458129,6.138243973,85.24819851,chickpea,Rabi,clay,Punjab
35,64,78,17.92845928,14.27327988,7.496645259,85.37378769,chickpea,Rabi,clay,Uttar Pradesh
52,60,79,19.45339934,18.23490739,8.380185271,75.6317566,chickpea,Rabi,red,Uttar Pradesh
27,76,83,19.12829388,14.92241479,6.289614016,89.61857826,chickpea,Rabi,black,Karnataka
57,60,84,19.1034283,17.26184541,6.586777189,75.49101167,chickpea,Rabi,red,Maharashtra
52,68,78,17.48504075,16.96070581,6.89655198,86.05078037,chickpea,Rabi,black,Punjab
43,79,79,19.40751744,18.98030507,7.806747656,80.25064637,chickpea,Rabi,sandy,Tamil Nadu
44,74,85,20.18649426,19.63719995,7.150681303,78.26039559,chickpea,Rabi,sandy,Maharashtra
24,55,78,17.30287885,15.15405941,6.64919573,75.57790384,chickpea,Rabi,loamy,Tamil Nadu
29,77,75,17.50361137,15.48083156,7.778591618,72.9446671,chickpea,Rabi,loamy,Punjab
20,60,78,18.17234999,14.70085967,6.358740355,90.7760707,chickpea,Rabi,black,Punjab
56,67,78,17.57445618,16.71826572,8.255450758,77.81891424,chickpea,Rabi,clay,Uttar Pradesh
37,66,85,20.93175255,18.91295403,6.456148474,78.06910795,chickpea,Rabi,sandy,Karnataka
49,71,76,19.71098332,17.63879418,6.613072145,85.57925437,chickpea,Rabi,loamy,Tamil Nadu
59,69,80,19.07937684,17.86754927,8.165359297,69.40619137,chickpea,Rabi,clay,Karnataka
20,79,77,18.54988627,16.02542689,7.64867466,76.32565249,chickpea,Rabi,clay,Punjab
24,56,85,18.19903647,17.41333199,6.545888558,80.6405403,chickpea,Rabi,loamy,Punjab
51,72,75,18.88852533,14.99451145,7.104224797,80.1113384,chickpea,Rabi,clay,Uttar Pradesh
57,73,85,18.49311205,14.72115044,7.358099622,91.94595352,chickpea,Rabi,sandy,Punjab
22,64,82,19.48974337,17.17260319,6.4740245,87.51312796,chickpea,Rabi,sandy,Maharashtra
52,73,79,17.25769499,18.74943955,7.840339389,94.00287214,chickpea,Rabi,clay,Tamil Nadu
29,75,75,19.62416326,18.71483156,7.064790365,88.4585692,chickpea,Rabi,loamy,Punjab
44,59,78,20.67526473,19.85388984,7.599033472,84.78344008,chickpea,Rabi,black,Punjab
41,69,82,20.02381489,16.63294455,6.715587232,68.97806542,chickpea,Rabi,black,Punjab
52,56,85,20.1187446,14.44228303,6.81712422,88.68168643,chickpea,Rabi,sandy,Tamil Nadu
34,76,80,20.65691793,15.84572566,7.985417393,65.23811143,chickpea,Rabi,sandy,Punjab
42,74,83,19.2582557,14.2804191,7.545258424,65.78042032,chickpea,Rabi,loamy,Tamil Nadu
34,71,79,17.927806,15.85622899,7.728998197,74.63872762,chickpea,Rabi,sandy,Karnataka
27,73,79,19.16288268,15.83500655,7.354973451,82.69766829,chickpea,Rabi,sandy,Punjab
30,70,79,20.26942271,19.96978871,7.313122235,69.64449182,chickpea,Rabi,loamy,Uttar Pradesh
57,57,75,17.09104223,18.25142068,7.785039076,87.27444866,chickpea,Rabi,clay,Punjab
27,79,82,17.06579293,17.54024066,6.307004923,70.87150577,chickpea,Rabi,clay,Karnataka
32,71,85,20.62767492,14.44008871,6.403982316,92.06630306,chickpea,Rabi,black,Uttar Pradesh
31,76,82,20.8248451,17.85057083,7.599279991,79.20509212,chickpea,Rabi,red,Karnataka
33,75,84,19.46210401,18.72831993,7.217018459,68.81405149,chickpea,Rabi,loamy,Maharashtra
47,80,77,17.18248372,16.42891834,7.561108006,72.85017344,chickpea,Rabi,red,Uttar Pradesh
54,62,80,17.48911699,16.39055394,7.489545074,79.45758333,chickpea,Rabi,clay,Punjab
47,79,78,17.48395377,14.76014523,6.609696734,65.11365631,chickpea,Rabi,clay,Tamil Nadu
35,57,83,19.48316794,17.44534641,7.476800943,80.4986291,chickpea,Rabi,loamy,Uttar Pradesh
53,73,77,19.71359733,18.09665739,7.325451279,73.64476535,chickpea,Rabi,red,Punjab
45,61,78,19.48649305,16.06240074,6.489389282,81.5284269,chickpea,Rabi,clay,Tamil Nadu
37,78,79,19.95264829,14.82633099,7.786366322,88.6810311,chickpea,Rabi,clay,Uttar Pradesh
30,75,81,19.41789736,16.80472243,6.408437886,68.4951189,chickpea,Rabi,sandy,Punjab
37,55,82,19.45591848,18.02235902,8.423873703,78.44910564,chickpea,Rabi,red,Karnataka
53,65,76,20.19137759,16.41998269,8.719960893,77.33795356,chickpea,Rabi,sandy,Karnataka
22,60,85,18.8392908,14.74071856,7.811997977,94.78189594,chickpea,Rabi,black,Punjab
60,61,78,20.71219282,19.83643308,6.317153205,94.03659867,chickpea,Rabi,loamy,Uttar Pradesh
42,67,77,18.99424448,15.9362937,7.114405288,78.69707199,chickpea,Rabi,loamy,Punjab
39,76,76,19.96837462,15.57324389,8.135900726,69.15759062,chickpea,Rabi,loamy,Tamil Nadu
35,63,76,17.81564548,17.60756635,7.714153038,90.82097601,chickpea,Rabi,loamy,Maharashtra
30,65,82,20.71424384,15.27824066,7.103798069,76.77888672,chickpea,Rabi,red,Tamil Nadu
57,56,78,17.34150229,18.75626255,8.861479668,67.9545435,chickpea,Rabi,red,Karnataka
48,65,78,17.43732714,14.33847406,7.861128148,73.0926704,chickpea,Rabi,clay,Karnataka
36,56,83,18.89780215,19.76182946,7.4526709,69.09512477,chickpea,Rabi,loamy,Uttar Pradesh
40,58,75,18.59190771,14.77959596,7.168096055,89.60982451,chickpea,Rabi,black,Uttar Pradesh
49,69,82,18.31561493,15.36143547,7.26311855,81.78710463,chickpea,Rabi,red,Punjab
13,60,25,17.13692774,20.59541693,5.68597166,128.256862,kidneybeans,Rabi,black,Karnataka
25,70,16,19.63474332,18.90705639,5.759237003,106.3598183,kidneybeans,Rabi,loamy,Punjab
31,55,22,22.91350245,21.33953114,5.873171894,109.225556,kidneybeans,Rabi,clay,Punjab
40,64,16,16.43340342,24.24045875,5.926676985,140.3717815,kidneybeans,Rabi,clay,Maharashtra
2,61,20,22.13974653,23.02251117,5.95561668,76.64128258,kidneybeans,Rabi,black,Karnataka
26,65,22,17.84806561,18.77621951,5.949949081,143.0984171,kidneybeans,Rabi,black,Karnataka
17,57,21,19.88394011,20.31564139,5.789214289,60.91974792,kidneybeans,Rabi,clay,Punjab
26,80,18,19.32509638,23.3334788,5.581021521,104.7783947,kidneybeans,Rabi,loamy,Karnataka
17,59,17,18.4167001,23.42829938,5.689858133,132.9801054,kidneybeans,Rabi,black,Tamil Nadu
27,59,22,21.81167649,23.20591245,5.794158504,130.0608093,kidneybeans,Rabi,clay,Uttar Pradesh
28,58,24,19.72702528,18.28173015,5.748190463,143.7630894,kidneybeans,Rabi,black,Karnataka
25,57,19,17.15432954,19.87070659,5.566522896,87.99669731,kidneybeans,Rabi,loamy,Punjab
28,80,17,19.62207826,18.67170854,5.809419584,144.1567454,kidneybeans,Rabi,black,Uttar Pradesh
25,60,22,21.63149148,21.17919701,5.887263027,134.3649948,kidneybeans,Rabi,sandy,Tamil Nadu
12,78,23,16.06522754,18.72479695,5.99812453,88.06638775,kidneybeans,Rabi,red,Punjab
6,77,25,20.61162204,24.36314135,5.792744849,69.63833855,kidneybeans,Rabi,red,Tamil Nadu
22,79,17,21.42451099,20.39659714,5.912289889,116.5206923,kidneybeans,Rabi,loamy,Punjab
27,80,15,19.07096165,21.21092266,5.788386951,86.21917578,kidneybeans,Rabi,black,Uttar Pradesh
10,55,23,21.18853178,19.63438599,5.728233081,137.1948633,kidneybeans,Rabi,black,Karnataka
23,65,20,23.0429097,22.42610972,5.833940084,108.3684316,kidneybeans,Rabi,clay,Uttar Pradesh
19,78,16,20.65375833,23.10538637,5.967533236,67.71768947,kidneybeans,Rabi,red,Punjab
19,65,25,18.09551014,18.29318436,5.625096446,144.7902323,kidneybeans,Rabi,red,Uttar Pradesh
22,70,19,18.23775702,21.07643273,5.515615023,69.44951585,kidneybeans,Rabi,loamy,Uttar Pradesh
37,64,22,17.48189735,18.8251973,5.954665349,121.9401369,kidneybeans,Rabi,black,Maharashtra
11,71,17,19.9191786,21.47324158,5.74644777,82.68554379,kidneybeans,Rabi,sandy,Tamil Nadu
18,79,20,20.27514686,23.2353604,5.877347515,139.7521543,kidneybeans,Rabi,red,Tamil Nadu
21,63,17,15.77370214,19.2303162,5.979973965,108.3441414,kidneybeans,Rabi,clay,Punjab
24,80,22,16.71170642,19.17651433,5.635993966,96.77285817,kidneybeans,Rabi,red,Maharashtra
34,60,22,17.66148158,18.15302753,5.635231778,100.6711761,kidneybeans,Rabi,black,Maharashtra
16,75,21,18.50692825,23.61670065,5.679224346,87.0513289,kidneybeans,Rabi,clay,Punjab
17,77,23,24.51324787,20.81527638,5.670062975,64.19497947,kidneybeans,Rabi,black,Uttar Pradesh
37,72,18,18.87614998,24.54038287,5.724242065,105.4120514,kidneybeans,Rabi,clay,Punjab
40,73,20,21.59343016,20.31871249,5.811314232,61.13872036,kidneybeans,Rabi,sandy,Maharashtra
9,77,17,20.12373284,24.45202552,5.783425416,106.158201,kidneybeans,Rabi,sandy,Tamil Nadu
1,62,23,15.43546065,18.37477907,5.607808432,139.0302034,kidneybeans,Rabi,loamy,Tamil Nadu
33,59,22,22.64236876,21.59396123,5.946999529,122.3886015,kidneybeans,Rabi,loamy,Maharashtra
23,59,19,21.98560799,24.87304788,5.852046999,129.5650601,kidneybeans,Rabi,clay,Punjab
6,62,22,20.53052663,18.09224048,5.824090984,120.4509288,kidneybeans,Rabi,sandy,Maharashtra
25,63,20,15.78601387,21.14544088,5.502999119,95.17028129,kidneybeans,Rabi,black,Tamil Nadu
7,79,23,19.6365349,19.68751084,5.821649914,96.65888933,kidneybeans,Rabi,clay,Maharashtra
8,72,17,20.57341244,19.7520218,5.711439256,87.87869161,kidneybeans,Rabi,clay,Karnataka
27,64,15,20.16080524,24.84207559,5.514927264,138.2362122,kidneybeans,Rabi,clay,Maharashtra
28,66,23,21.53989176,24.25386207,5.99616119,120.6913038,kidneybeans,Rabi,loamy,Punjab
32,57,18,15.53834801,23.75560241,5.695422863,107.3850593,kidneybeans,Rabi,black,Uttar Pradesh
27,56,22,19.91853092,20.70099804,5.833010958,108.6434544,kidneybeans,Rabi,loamy,Maharashtra
17,77,24,20.76952209,18.93146941,5.568456899,109.0193712,kidneybeans,Rabi,clay,Maharashtra
0,65,15,23.46168338,23.22197648,5.645435626,95.84253438,kidneybeans,Rabi,clay,Punjab
13,72,21,24.32116642,21.0278674,5.821194486,60.27552528,kidneybeans,Rabi,sandy,Punjab
34,60,23,20.12574053,24.96969858,5.659254981,100.0497183,kidneybeans,Rabi,red,Maharashtra
9,80,19,21.80619564,18.57086554,5.945465949,125.0972687,kidneybeans,Rabi,sandy,Karnataka
11,72,20,19.52226241,24.92607153,5.951177452,113.334026,kidneybeans,Rabi,clay,Uttar Pradesh
3,67,24,17.00067625,19.90790546,5.520880014,103.2926407,kidneybeans,Rabi,sandy,Uttar Pradesh
35,69,23,16.78791503,24.96881755,5.578410206,75.45328039,kidneybeans,Rabi,clay,Uttar Pradesh
3,77,25,24.84906168,22.89464642,5.608165195,62.21292186,kidneybeans,Rabi,black,Punjab
23,62,19,16.51783455,20.4555596,5.609435128,98.77794225,kidneybeans,Rabi,loamy,Tamil Nadu
22,71,17,18.15300153,19.38602098,5.509295379,107.6907964,kidneybeans,Rabi,sandy,Punjab
31,79,25,23.18864385,22.3104551,5.902033406,63.38208822,kidneybeans,Rabi,black,Uttar Pradesh
34,59,18,23.38002569,21.98879437,5.744117663,87.66898664,kidneybeans,Rabi,clay,Karnataka
12,63,17,18.358923,19.37703396,5.717143397,138.414764,kidneybeans,Rabi,sandy,Tamil Nadu
27,56,20,19.25975367,20.51346956,5.542690119,94.9533526,kidneybeans,Rabi,black,Uttar Pradesh
7,63,24,22.95458237,24.03553105,5.858617867,107.7315386,kidneybeans,Rabi,loamy,Tamil Nadu
24,67,22,20.120043,22.89845607,5.618844277,104.6252153,kidneybeans,Rabi,sandy,Tamil Nadu
11,71,24,21.14011423,22.7182355,5.606620346,141.6056722,kidneybeans,Rabi,clay,Tamil Nadu
37,74,15,24.92360104,18.22590825,5.582178402,62.7089169,kidneybeans,Rabi,loamy,Karnataka
25,76,24,15.33042636,24.91506728,5.56503533,135.3315583,kidneybeans,Rabi,red,Tamil Nadu
34,66,17,18.81097271,21.27833035,5.889614577,125.084915,kidneybeans,Rabi,black,Tamil Nadu
20,69,15,23.44260668,22.77255917,5.934136378,107.4137246,kidneybeans,Rabi,black,Punjab
37,65,16,22.8352024,18.97267518,5.683548308,63.59276673,kidneybeans,Rabi,sandy,Tamil Nadu
18,74,15,24.9035819,22.27512704,5.70836603,146.4727237,kidneybeans,Rabi,sandy,Tamil Nadu
4,67,25,23.78709569,24.35679348,5.948164454,119.6404412,kidneybeans,Rabi,loamy,Maharashtra
37,56,25,22.05592283,19.60379304,5.774755144,126.7265372,kidneybeans,Rabi,loamy,Punjab
5,59,15,18.87492997,20.18238348,5.97229163,134.1811718,kidneybeans,Rabi,loamy,Karnataka
11,61,21,18.62328774,23.02410338,5.532100554,135.3378033,kidneybeans,Rabi,sandy,Maharashtra
22,80,20,23.00884744,18.86880997,5.669560726,100.118612,kidneybeans,Rabi,black,Punjab
12,61,19,19.33162606,24.13995025,5.655726817,68.51253427,kidneybeans,Rabi,black,Tamil Nadu
5,74,21,16.24469193,21.35793891,5.591704014,66.97053257,kidneybeans,Rabi,red,Uttar Pradesh
27,69,22,17.91652287,24.90814655,5.932323085,69.14681022,kidneybeans,Rabi,clay,Karnataka
31,75,18,15.46789263,21.43780702,5.824208309,88.88796102,kidneybeans,Rabi,clay,Tamil Nadu
36,68,20,17.06104474,23.77201471,5.86442953,81.83420522,kidneybeans,Rabi,sandy,Punjab
5,65,16,21.32776028,18.48522915,5.866744372,109.1013261,kidneybeans,Rabi,clay,Maharashtra
32,79,15,23.90910104,20.74619325,5.706198621,81.60211243,kidneybeans,Rabi,loamy,Punjab
11,78,22,23.89756791,22.74378977,5.940546818,112.6616435,kidneybeans,Rabi,loamy,Uttar Pradesh
0,55,22,22.98666928,20.57940608,5.916779289,143.8584938,kidneybeans,Rabi,sandy,Uttar Pradesh
14,59,15,21.35135729,22.91244883,5.779090476,146.4548645,kidneybeans,Rabi,sandy,Uttar Pradesh
29,68,23,24.1638445,19.27907819,5.82738029,116.7324324,kidneybeans,Rabi,sandy,Karnataka
32,68,19,24.62835037,18.18325169,5.514234138,149.7441028,kidneybeans,Rabi,sandy,Punjab
17,64,17,21.02213209,24.93896255,5.662699104,124.6118471,kidneybeans,Rabi,black,Punjab
13,69,19,17.30844532,20.01730914,5.86390397,115.199245,kidneybeans,Rabi,black,Maharashtra
14,67,22,23.82576704,24.75485098,5.624690248,84.64143632,kidneybeans,Rabi,sandy,Tamil Nadu
9,69,20,19.30607278,23.96362799,5.591560999,129.3449326,kidneybeans,Rabi,loamy,Tamil Nadu
20,73,22,16.03768615,22.33195853,5.976312538,130.3900798,kidneybeans,Rabi,sandy,Karnataka
40,78,20,19.18572809,20.83398341,5.669236258,80.15293435,kidneybeans,Rabi,loamy,Maharashtra
27,72,23,19.92889503,21.79992115,5.961934481,64.02640797,kidneybeans,Rabi,red,Uttar Pradesh
14,67,15,19.56376468,24.67385131,5.690065688,139.2921004,kidneybeans,Rabi,clay,Maharashtra
7,56,18,18.31357543,24.32991649,5.698371311,76.14153904,kidneybeans,Rabi,red,Punjab
27,65,18,20.10993761,23.22323766,5.59503163,73.36386477,kidneybeans,Rabi,red,Punjab
30,63,16,23.60506572,21.90539577,5.525904526,100.5978728,kidneybeans,Rabi,loamy,Karnataka
37,70,25,19.73136909,24.89487354,5.819403771,84.06354115,kidneybeans,Rabi,clay,Punjab
27,63,19,20.93409877,21.1893007,5.562201934,133.1914419,kidneybeans,Rabi,red,Punjab
22,60,24,18.78226261,20.24768314,5.630664753,104.2570723,kidneybeans,Rabi,loamy,Tamil Nadu
3,72,24,36.51268371,57.92887167,6.03160778,122.6539694,pigeonpeas,Kharif,clay,Punjab
40,59,23,36.89163721,62.73178224,5.269084669,163.7266551,pigeonpeas,Kharif,red,Punjab
33,73,23,29.23540524,59.38967583,5.985792703,103.3301803,pigeonpeas,Kharif,red,Punjab
27,57,24,27.33534897,43.35795962,6.09186275,142.3303677,pigeonpeas,Kharif,clay,Punjab
10,79,18,21.0643684,55.46985938,5.624731338,184.6226709,pigeonpeas,Kharif,black,Maharashtra
30,75,25,30.33276599,42.35249879,6.446091759,149.299952,pigeonpeas,Kharif,red,Tamil Nadu
40,70,20,31.80130272,45.03186173,5.623490043,147.0361442,pigeonpeas,Kharif,red,Uttar Pradesh
38,55,19,33.18184225,38.23184742,5.864623352,198.8298806,pigeonpeas,Kharif,black,Maharashtra
35,58,20,29.38538562,63.47742011,5.761702519,90.05422663,pigeonpeas,Kharif,sandy,Maharashtra
38,61,21,30.27374995,67.38680755,4.696518678,127.7767134,pigeonpeas,Kharif,clay,Uttar Pradesh
33,58,24,35.45790488,68.75810535,5.269504214,108.6333046,pigeonpeas,Kharif,black,Karnataka
16,56,17,33.80020039,40.03262418,7.445444883,176.6165894,pigeonpeas,Kharif,sandy,Uttar Pradesh
31,72,17,28.69180475,49.47225353,5.833031708,96.36222901,pigeonpeas,Kharif,sandy,Uttar Pradesh
16,80,20,31.24021696,56.67369054,7.339320929,122.0146733,pigeonpeas,Kharif,red,Punjab
27,72,17,28.98039357,57.23265151,6.347929353,120.7435664,pigeonpeas,Kharif,loamy,Tamil Nadu
40,62,19,27.32198928,34.13737127,4.697750704,96.51524028,pigeonpeas,Kharif,red,Tamil Nadu
18,58,16,21.47607807,38.80023714,4.962661422,180.382234,pigeonpeas,Kharif,red,Punjab
3,68,16,18.31910448,34.69776639,4.964887857,107.4721605,pigeonpeas,Kharif,red,Punjab
26,67,24,36.97794384,37.73992903,5.642813116,161.4812963,pigeonpeas,Kharif,red,Uttar Pradesh
16,70,20,24.80467592,40.1242747,5.6093956,121.5639121,pigeonpeas,Kharif,sandy,Uttar Pradesh
24,63,19,19.3479443,55.96805489,4.681576043,194.5921148,pigeonpeas,Kharif,black,Karnataka
9,76,25,28.88302142,50.12323801,5.70951224,179.2155874,pigeonpeas,Kharif,clay,Maharashtra
16,55,19,19.54314136,47.19188279,6.413543781,192.4372194,pigeonpeas,Kharif,clay,Punjab
28,75,21,24.7741949,50.54621094,6.007508163,114.2821387,pigeonpeas,Kharif,clay,Karnataka
16,71,24,18.33124824,38.40975482,4.946369874,139.6483317,pigeonpeas,Kharif,red,Karnataka
24,70,21,19.14729038,45.3733757,5.517208078,132.7748215,pigeonpeas,Kharif,clay,Karnataka
38,72,21,28.23416057,49.4421345,5.902103172,186.5008581,pigeonpeas,Kharif,sandy,Karnataka
9,66,21,30.11812084,34.13307843,5.719889876,157.0858232,pigeonpeas,Kharif,red,Karnataka
34,56,17,33.4126864,35.42910045,4.548202098,139.6702541,pigeonpeas,Kharif,sandy,Tamil Nadu
1,76,19,24.18553163,46.68746847,6.669529416,177.3377996,pigeonpeas,Kharif,clay,Maharashtra
6,69,19,26.88630675,41.69617915,4.750929218,94.46748008,pigeonpeas,Kharif,clay,Karnataka
26,73,21,31.33170829,57.97429171,4.946263888,161.7820226,pigeonpeas,Kharif,loamy,Maharashtra
27,61,18,33.30711818,67.07780816,5.266227032,108.5090168,pigeonpeas,Kharif,clay,Punjab
27,71,23,23.45379018,46.48714759,7.10959773,150.8712202,pigeonpeas,Kharif,sandy,Punjab
36,61,21,34.53823889,39.04468913,5.617008201,168.5948318,pigeonpeas,Kharif,loamy,Uttar Pradesh
17,73,18,19.50112224,34.51086611,5.632353113,197.3752649,pigeonpeas,Kharif,red,Karnataka
26,72,22,28.76794904,37.57792132,4.674941549,91.72084869,pigeonpeas,Kharif,sandy,Punjab
17,64,16,30.97758716,32.24914235,7.161797643,180.716828,pigeonpeas,Kharif,clay,Punjab
14,74,19,18.39759147,36.82639309,6.624966131,93.12330644,pigeonpeas,Kharif,sandy,Tamil Nadu
39,60,15,35.09357419,30.98685456,5.004074624,116.9106908,pigeonpeas,Kharif,clay,Uttar Pradesh
6,66,15,34.93174223,30.40046769,6.345806011,159.2649827,pigeonpeas,Kharif,loamy,Uttar Pradesh
8,59,18,29.50523036,35.72032498,6.216814453,187.8961851,pigeonpeas,Kharif,clay,Karnataka
2,67,18,34.51934775,47.52980027,5.921666758,129.0064612,pigeonpeas,Kharif,loamy,Uttar Pradesh
1,76,17,28.43430726,52.10010827,6.012719118,147.0414824,pigeonpeas,Kharif,red,Punjab
16,73,19,18.41645629,34.80541039,4.684079249,163.2747473,pigeonpeas,Kharif,clay,Karnataka
23,75,25,31.07508973,47.19847683,7.077170002,91.31256412,pigeonpeas,Kharif,sandy,Uttar Pradesh
32,70,20,20.89342749,46.24856523,6.208843215,195.5697875,pigeonpeas,Kharif,clay,Maharashtra
28,59,22,30.90607799,52.79913039,7.05181629,170.9919828,pigeonpeas,Kharif,loamy,Punjab
5,62,23,27.9348279,66.45457122,4.722222454,145.3728801,pigeonpeas,Kharif,black,Maharashtra
36,67,25,35.95176642,36.52780776,6.418062652,136.0456753,pigeonpeas,Kharif,red,Karnataka
1,66,23,19.54317155,56.92831399,4.803564468,173.1686574,pigeonpeas,Kharif,black,Maharashtra
24,73,20,19.63736208,32.31528909,4.608695247,176.4134092,pigeonpeas,Kharif,red,Karnataka
17,67,18,31.2192752,56.46868874,5.611510977,129.2028653,pigeonpeas,Kharif,black,Punjab
5,55,18,33.50876355,45.70976142,7.322097972,126.6738117,pigeonpeas,Kharif,red,Maharashtra
5,56,24,24.80710166,45.01110015,5.023115055,188.4928637,pigeonpeas,Kharif,sandy,Tamil Nadu
37,77,17,36.20970524,31.94550613,5.617122801,191.0658531,pigeonpeas,Kharif,black,Tamil Nadu
13,73,20,30.50420876,35.48885969,5.391560418,162.5927723,pigeonpeas,Kharif,clay,Tamil Nadu
6,63,23,26.01630259,49.94704718,5.906596905,160.3337447,pigeonpeas,Kharif,clay,Uttar Pradesh
16,77,22,31.48469278,35.6395615,6.574209678,100.546816,pigeonpeas,Kharif,red,Uttar Pradesh
25,64,20,33.15122581,32.45974539,4.807776749,105.0380275,pigeonpeas,Kharif,loamy,Karnataka
34,75,24,23.50222822,51.29019509,4.760038039,192.3023991,pigeonpeas,Kharif,sandy,Punjab
20,77,23,34.87248659,38.83786012,5.180271502,148.2502786,pigeonpeas,Kharif,black,Tamil Nadu
35,80,25,28.09269012,44.93322042,4.895927306,197.1144011,pigeonpeas,Kharif,black,Punjab
14,75,24,24.54757829,57.3414485,6.436160044,118.3606557,pigeonpeas,Kharif,loamy,Uttar Pradesh
36,80,21,33.64769646,48.41490082,7.066087261,100.4673278,pigeonpeas,Kharif,sandy,Karnataka
7,77,18,20.5591255,60.54880693,6.655918078,191.0895109,pigeonpeas,Kharif,red,Karnataka
29,78,25,19.95991719,59.33157782,5.982854523,195.787103,pigeonpeas,Kharif,red,Karnataka
30,60,21,28.87667593,62.4901206,5.457871273,182.2688175,pigeonpeas,Kharif,sandy,Tamil Nadu
20,74,16,36.04353699,43.61444121,4.759490199,159.8938645,pigeonpeas,Kharif,clay,Maharashtra
19,57,23,23.6734328,47.2879691,7.342409555,141.1250722,pigeonpeas,Kharif,red,Karnataka
3,60,19,25.74679443,40.7192594,4.820788186,100.7791633,pigeonpeas,Kharif,loamy,Karnataka
5,77,19,31.08564994,66.68832981,6.242052013,175.9303271,pigeonpeas,Kharif,red,Karnataka
5,68,20,18.72987676,61.33186249,5.001038726,139.8710041,pigeonpeas,Kharif,black,Karnataka
37,73,21,29.50304807,63.46513414,5.560224583,189.5208915,pigeonpeas,Kharif,black,Tamil Nadu
9,59,24,20.43517772,39.37252634,4.747352458,137.2279662,pigeonpeas,Kharif,sandy,Karnataka
20,72,15,36.00415838,56.01334416,7.313517308,134.8596466,pigeonpeas,Kharif,red,Punjab
31,56,23,31.46846241,35.39454002,5.661826398,174.5723999,pigeonpeas,Kharif,clay,Karnataka
0,70,21,36.30049702,56.03021253,4.672437054,101.6073988,pigeonpeas,Kharif,sandy,Maharashtra
21,74,15,29.49096726,67.10604388,6.471862118,153.2504506,pigeonpeas,Kharif,black,Maharashtra
13,67,18,30.5753044,34.75591197,5.384762927,177.5764304,pigeonpeas,Kharif,loamy,Tamil Nadu
27,74,20,24.69487673,59.96669215,5.859813416,91.95792434,pigeonpeas,Kharif,red,Karnataka
29,72,24,23.17409556,36.67847052,6.962386495,162.5931264,pigeonpeas,Kharif,red,Karnataka
5,68,20,19.04380471,33.10695144,6.12166671,155.3705624,pigeonpeas,Kharif,loamy,Maharashtra
39,57,19,29.32379604,45.93248374,6.421748487,165.4113371,pigeonpeas,Kharif,loamy,Punjab
22,62,16,34.6455408,54.32342534,4.828936119,180.9009998,pigeonpeas,Kharif,clay,Maharashtra
18,55,23,21.9989826,56.31006755,6.98571967,136.8274312,pigeonpeas,Kharif,black,Uttar Pradesh
39,77,21,22.99774444,60.24218572,4.603563116,159.689339,pigeonpeas,Kharif,black,Tamil Nadu
13,75,20,30.55992394,35.29006485,6.979540061,178.8998611,pigeonpeas,Kharif,black,Uttar Pradesh
27,71,24,31.46417866,48.17631461,7.064973419,165.405354,pigeonpeas,Kharif,clay,Tamil Nadu
26,64,22,25.95058595,40.58227261,5.16516459,109.1821183,pigeonpeas,Kharif,sandy,Maharashtra
23,55,16,21.01142393,69.69141302,5.111488821,185.2039114,pigeonpeas,Kharif,sandy,Punjab
4,69,19,19.25100056,47.70351758,5.374358869,149.063196,pigeonpeas,Kharif,sandy,Karnataka
20,67,19,19.24462755,50.54495302,5.671419084,180.6465282,pigeonpeas,Kharif,black,Uttar Pradesh
7,74,17,22.47253208,62.56532471,5.667419697,96.74706956,pigeonpeas,Kharif,clay,Maharashtra
17,64,18,36.75087487,58.25799145,6.07938452,124.6028153,pigeonpeas,Kharif,loamy,Maharashtra
35,71,17,29.89286629,66.35375127,6.931924963,198.1403003,pigeonpeas,Kharif,loamy,Punjab
11,72,22,29.37735586,44.82294584,6.842744374,172.40168,pigeonpeas,Kharif,clay,Karnataka
20,60,22,29.65052947,42.89833235,6.876572503,186.9226052,pigeonpeas,Kharif,clay,Punjab
10,71,18,19.54284889,66.34777265,6.151029296,173.1106982,pigeonpeas,Kharif,sandy,Uttar Pradesh
33,61,24,20.04611791,48.93905624,4.567446499,122.4564203,pigeonpeas,Kharif,red,Maharashtra
3,49,18,27.91095209,64.70930606,3.692863601,32.67891866,mothbeans,Kharif,sandy,Karnataka
22,59,23,27.32220619,51.27868781,4.371745575,36.5037914,mothbeans,Kharif,clay,Karnataka
36,58,25,28.66024187,59.3189118,8.399135958,36.92629678,mothbeans,Kharif,black,Punjab
4,43,18,29.02955344,61.09387478,8.840656256,72.98016599,mothbeans,Kharif,loamy,Tamil Nadu
29,54,16,27.78031515,54.65030015,8.153022903,32.05025323,mothbeans,Kharif,black,Maharashtra
32,43,22,31.99928579,54.1077461,5.270749441,71.6266696,mothbeans,Kharif,clay,Uttar Pradesh
14,55,15,27.33580911,55.27755933,8.050304395,73.44775287,mothbeans,Kharif,red,Tamil Nadu
5,35,20,28.92952635,53.57014709,9.679240873,66.35634104,mothbeans,Kharif,clay,Maharashtra
25,57,24,27.65472156,58.59986279,6.974978386,36.94255012,mothbeans,Kharif,red,Uttar Pradesh
11,53,24,28.52396666,55.77264351,7.39389918,61.32935611,mothbeans,Kharif,red,Uttar Pradesh
40,49,17,31.02215872,45.89239456,6.68727523,53.56783314,mothbeans,Kharif,clay,Uttar Pradesh
38,56,25,25.74095321,45.38497051,7.88118645,67.43488235,mothbeans,Kharif,red,Tamil Nadu
27,43,23,31.70447482,56.85420099,5.875333778,44.94317432,mothbeans,Kharif,red,Maharashtra
24,38,22,24.47876451,58.51663927,8.202706015,34.96933295,mothbeans,Kharif,loamy,Maharashtra
23,45,21,31.46511256,51.79939437,8.985348193,74.44330654,mothbeans,Kharif,loamy,Uttar Pradesh
29,57,20,25.60973447,50.7330069,5.87707519,53.39249517,mothbeans,Kharif,clay,Tamil Nadu
31,35,23,30.30260453,47.18283631,7.707595055,68.04039813,mothbeans,Kharif,black,Maharashtra
0,55,25,28.17489437,43.6672299,4.524171562,45.78172762,mothbeans,Kharif,sandy,Maharashtra
7,45,22,25.50634557,44.8302551,9.926212291,74.32635105,mothbeans,Kharif,sandy,Punjab
17,58,25,31.12896766,43.58788762,6.455592696,32.76742894,mothbeans,Kharif,loamy,Tamil Nadu
11,44,17,26.34043268,55.59160391,8.016210782,35.1051197,mothbeans,Kharif,black,Punjab
22,49,22,28.23494706,61.5620517,3.71105919,72.66666443,mothbeans,Kharif,sandy,Karnataka
9,51,19,27.04453473,49.32609633,5.49091063,48.25207759,mothbeans,Kharif,clay,Uttar Pradesh
28,48,15,25.16125354,55.25435777,9.254089438,40.89732789,mothbeans,Kharif,clay,Tamil Nadu
26,50,19,27.3179125,51.66921088,6.005242945,32.55919573,mothbeans,Kharif,black,Uttar Pradesh
36,56,20,25.4123765,49.66474269,7.437078236,31.87416982,mothbeans,Kharif,loamy,Uttar Pradesh
8,60,18,31.21629982,46.01868196,3.808429173,53.1205277,mothbeans,Kharif,loamy,Maharashtra
24,37,21,30.573999,58.22686794,5.818219385,62.74803826,mothbeans,Kharif,red,Tamil Nadu
22,43,24,25.42517036,53.2208266,4.52363558,46.19374559,mothbeans,Kharif,clay,Punjab
36,43,24,27.09400578,43.65305437,3.510404312,41.53749535,mothbeans,Kharif,sandy,Punjab
22,44,24,24.30935081,56.32938343,6.030447288,58.99536268,mothbeans,Kharif,loamy,Punjab
17,43,22,30.06142622,45.90067655,5.498340808,41.0550915,mothbeans,Kharif,sandy,Punjab
8,45,15,28.09568993,60.9835384,4.61136408,33.84110759,mothbeans,Kharif,loamy,Punjab
7,56,23,26.33908791,40.00933429,5.545219232,55.50429227,mothbeans,Kharif,loamy,Maharashtra
36,57,16,28.61409059,57.14218792,8.292875734,57.02891698,mothbeans,Kharif,black,Punjab
11,45,19,28.70012137,44.359648,3.828031463,44.11622138,mothbeans,Kharif,black,Uttar Pradesh
6,36,22,24.21610338,59.79236306,8.869532817,42.24783476,mothbeans,Kharif,clay,Uttar Pradesh
17,57,20,28.50677929,45.20094476,3.793575185,66.1761456,mothbeans,Kharif,sandy,Karnataka
4,47,20,25.97948991,64.95585424,4.193189124,72.19245835,mothbeans,Kharif,clay,Tamil Nadu
9,49,16,30.88482722,41.36561835,7.661537348,55.053805,mothbeans,Kharif,loamy,Punjab
25,51,24,25.5042419,61.66852372,9.392694614,65.07981523,mothbeans,Kharif,sandy,Maharashtra
36,44,21,25.12528913,51.33189406,4.516154055,38.48678973,mothbeans,Kharif,loamy,Maharashtra
21,38,20,27.10508014,63.56791363,5.794289715,62.20279647,mothbeans,Kharif,red,Karnataka
37,57,20,31.1006247,44.82069159,7.354286985,70.79934452,mothbeans,Kharif,red,Maharashtra
32,48,18,26.45707778,56.40226277,5.993513566,64.16167699,mothbeans,Kharif,loamy,Tamil Nadu
29,44,20,30.04132304,63.56222995,8.620107545,31.83192392,mothbeans,Kharif,sandy,Tamil Nadu
25,51,18,27.77799528,54.82130787,9.45949344,50.28438729,mothbeans,Kharif,red,Uttar Pradesh
10,44,24,30.99256944,43.02151392,8.0344125,58.27600682,mothbeans,Kharif,clay,Karnataka
23,35,18,26.4908332,47.36534833,5.414492777,36.99362831,mothbeans,Kharif,black,Uttar Pradesh
9,60,23,31.96987867,57.17377029,6.276004336,64.25520357,mothbeans,Kharif,sandy,Uttar Pradesh
3,58,21,25.36140526,46.82652785,9.160691747,55.60523179,mothbeans,Kharif,loamy,Maharashtra
22,42,22,25.54249137,56.96640758,7.887658711,48.46797044,mothbeans,Kharif,black,Tamil Nadu
12,39,21,28.99319096,62.85948245,8.183844843,70.4713043,mothbeans,Kharif,clay,Karnataka
39,36,22,29.34317422,60.50320928,9.072011412,34.03335472,mothbeans,Kharif,clay,Punjab
32,41,16,28.63618921,61.39451307,7.702287236,68.54877876,mothbeans,Kharif,sandy,Punjab
30,41,15,24.83206631,44.17085032,5.88509677,52.0810886,mothbeans,Kharif,black,Karnataka
19,36,22,25.44689075,58.55363573,6.16496284,57.04826619,mothbeans,Kharif,red,Punjab
4,46,15,31.01274943,62.40392519,3.504752314,63.77192383,mothbeans,Kharif,loamy,Uttar Pradesh
21,39,20,27.06179658,52.3003173,7.388007483,60.74583498,mothbeans,Kharif,clay,Tamil Nadu
35,57,25,27.0956288,42.26206161,8.340398059,71.1271039,mothbeans,Kharif,loamy,Punjab
22,55,24,28.56800579,57.30636014,8.66077954,64.53027638,mothbeans,Kharif,red,Maharashtra
35,51,17,28.79929247,49.84213387,3.558822825,40.85534718,mothbeans,Kharif,sandy,Maharashtra
17,56,17,27.94293692,45.41393636,5.9565851,69.66289997,mothbeans,Kharif,loamy,Tamil Nadu
28,57,17,30.47757686,61.58245338,9.416003106,61.86633917,mothbeans,Kharif,clay,Tamil Nadu
22,36,16,30.58139475,50.77148138,8.18422855,64.58559639,mothbeans,Kharif,clay,Tamil Nadu
11,41,19,26.85911286,41.81420849,5.131779302,44.13827124,mothbeans,Kharif,black,Maharashtra
38,38,18,26.31051759,61.18749126,6.294130313,35.73403813,mothbeans,Kharif,black,Uttar Pradesh
23,37,24,28.77833449,44.2252605,7.991902443,33.95825723,mothbeans,Kharif,sandy,Maharashtra
25,35,20,28.90245417,43.35365671,8.923095695,71.90018566,mothbeans,Kharif,sandy,Uttar Pradesh
40,45,20,29.37687468,57.69622912,6.878498176,38.34303462,mothbeans,Kharif,black,Punjab
23,58,19,24.17093241,58.25204566,5.243634849,59.18953429,mothbeans,Kharif,loamy,Maharashtra
2,56,23,26.65333029,59.79023382,7.550090941,36.91852635,mothbeans,Kharif,clay,Tamil Nadu
3,56,17,28.19912143,53.50567601,8.709291688,52.13580529,mothbeans,Kharif,sandy,Punjab
26,51,25,28.76488954,52.62741529,7.792508068,55.21606732,mothbeans,Kharif,loamy,Punjab
39,42,20,29.3499706,61.25353851,8.055908858,40.82840673,mothbeans,Kharif,red,Tamil Nadu
27,59,20,28.00937423,52.60950014,4.397698806,36.01203025,mothbeans,Kharif,red,Karnataka
24,45,19,26.85851927,48.8246387,5.952384957,34.7426459,mothbeans,Kharif,black,Uttar Pradesh
7,40,17,31.2123945,40.92604945,8.532078733,53.78769958,mothbeans,Kharif,loamy,Tamil Nadu
15,45,23,24.20422636,61.43378674,7.224193642,46.0203959,mothbeans,Kharif,sandy,Maharashtra
26,52,23,29.98835437,49.60384796,4.931890506,52.92929636,mothbeans,Kharif,red,Maharashtra
20,45,16,29.93964907,54.61813464,4.626212446,45.43669946,mothbeans,Kharif,sandy,Uttar Pradesh
34,54,24,31.2119298,41.55934359,5.026003659,68.80141783,mothbeans,Kharif,clay,Uttar Pradesh
19,51,25,26.80474415,48.23991436,3.5253661,43.87801983,mothbeans,Kharif,loamy,Karnataka
29,41,21,31.49398069,62.84916863,8.86979671,64.56807592,mothbeans,Kharif,red,Tamil Nadu
20,50,22,30.99694676,46.42693735,9.406887533,38.31597852,mothbeans,Kharif,black,Tamil Nadu
11,40,23,29.61253065,63.04749127,5.80428611,50.1978269,mothbeans,Kharif,sandy,Karnataka
15,54,15,29.97604322,57.03184356,8.35495812,44.86052932,mothbeans,Kharif,sandy,Maharashtra
35,55,22,30.88883074,52.62696801,8.634929739,55.51932414,mothbeans,Kharif,black,Punjab
9,59,25,30.39321309,60.16299493,7.699200949,35.37493212,mothbeans,Kharif,black,Punjab
40,45,18,30.43683729,55.20522037,5.261285926,30.92014047,mothbeans,Kharif,black,Uttar Pradesh
35,38,19,25.32688786,63.18180319,9.112771682,32.71129281,mothbeans,Kharif,black,Punjab
14,58,17,30.53684308,59.96664731,4.605700542,33.48919022,mothbeans,Kharif,loamy,Uttar Pradesh
40,55,18,30.38257873,40.5926071,7.115994051,47.95406479,mothbeans,Kharif,sandy,Tamil Nadu
18,36,23,24.01825377,53.76623369,7.214078621,35.03404425,mothbeans,Kharif,loamy,Uttar Pradesh
35,52,15,28.69841277,61.14754363,9.93509073,65.67591794,mothbeans,Kharif,clay,Punjab
4,59,22,29.33743412,49.00323081,8.914074888,42.44054315,mothbeans,Kharif,loamy,Maharashtra
22,51,16,27.96583691,61.34900107,8.639586199,70.10472076,mothbeans,Kharif,sandy,Karnataka
33,47,17,24.86803974,48.27531965,8.621514073,63.9187654,mothbeans,Kharif,clay,Maharashtra
2,51,17,25.87682261,45.96341933,5.838508699,38.53254678,mothbeans,Kharif,red,Karnataka
16,51,21,31.01963639,49.9767522,3.532008668,32.81296548,mothbeans,Kharif,clay,Maharashtra
19,55,20,27.43329405,87.80507732,7.18530147,54.73367631,mungbean,Kharif,red,Uttar Pradesh
8,54,20,28.3340432,80.77275974,7.034214276,38.7976407,mungbean,Kharif,clay,Punjab
36,55,20,27.01470397,84.34262707,6.635968698,55.296354,mungbean,Kharif,sandy,Karnataka
10,56,16,28.17432665,81.04554836,6.828187499,36.35720652,mungbean,Kharif,red,Punjab
22,56,17,29.87888063,87.32761241,6.89077995,44.75215854,mungbean,Kharif,black,Karnataka
9,57,24,29.89232778,89.71503316,7.165121109,42.99498978,mungbean,Kharif,clay,Maharashtra
34,59,23,28.56212158,83.24855855,6.935804256,56.48265193,mungbean,Kharif,sandy,Punjab
31,51,25,27.53592929,85.5701901,7.196774236,53.01899249,mungbean,Kharif,loamy,Uttar Pradesh
0,49,18,29.68361658,87.93598094,6.990095452,41.82490236,mungbean,Kharif,loamy,Karnataka
21,39,20,28.14448546,82.1193047,7.064782138,46.75690086,mungbean,Kharif,loamy,Uttar Pradesh
28,35,22,29.53037621,86.73346018,7.156563094,59.87232071,mungbean,Kharif,red,Maharashtra
17,52,17,27.88352946,86.45147631,6.364967184,44.64407105,mungbean,Kharif,black,Tamil Nadu
24,42,23,28.22471276,82.35916228,6.428054409,44.01206619,mungbean,Kharif,sandy,Karnataka
28,46,16,29.008124,84.96089355,6.664187809,45.91011391,mungbean,Kharif,sandy,Tamil Nadu
21,38,21,29.75538903,86.45193297,6.637677489,37.54602719,mungbean,Kharif,sandy,Karnataka
34,60,25,29.78416743,85.16906976,6.79385576,40.77872823,mungbean,Kharif,loamy,Punjab
19,53,22,27.8640132,80.4513142,6.852884643,42.83053902,mungbean,Kharif,red,Punjab
31,58,15,27.11026483,84.96771717,7.121571293,51.52617423,mungbean,Kharif,red,Uttar Pradesh
19,35,24,27.11030369,83.64274107,6.883308033,49.11964582,mungbean,Kharif,loamy,Karnataka
24,53,17,28.95451232,89.07866095,6.421271178,57.65901369,mungbean,Kharif,loamy,Maharashtra
13,47,20,29.21780035,87.93724219,6.54450214,43.1386631,mungbean,Kharif,red,Maharashtra
31,53,16,28.7420098,85.81675947,6.452006451,48.54598575,mungbean,Kharif,red,Karnataka
28,45,23,29.65021184,80.29868321,6.489259136,56.76278363,mungbean,Kharif,loamy,Tamil Nadu
31,37,21,27.23924995,86.404241,6.713410626,37.31236904,mungbean,Kharif,black,Uttar Pradesh
33,60,15,28.95172351,81.67085323,6.510840928,56.51103293,mungbean,Kharif,red,Maharashtra
34,45,21,28.18837136,82.60629652,6.287380117,37.01110438,mungbean,Kharif,clay,Karnataka
13,57,25,28.30041493,86.20681554,6.86308576,50.47333854,mungbean,Kharif,red,Maharashtra
33,57,17,27.89636126,88.71782287,6.78415271,57.79863368,mungbean,Kharif,black,Karnataka
32,57,22,28.6899851,87.50436797,6.769415888,44.56598352,mungbean,Kharif,black,Maharashtra
23,59,25,27.8262623,88.73100226,6.320768488,56.68833819,mungbean,Kharif,black,Maharashtra
35,41,18,28.70562673,81.59200689,6.705008504,59.87065439,mungbean,Kharif,red,Maharashtra
6,48,24,28.6362812,84.61431076,6.790736339,48.48319335,mungbean,Kharif,loamy,Karnataka
29,36,25,28.28511547,88.4393979,7.130278657,48.56690235,mungbean,Kharif,black,Punjab
4,36,22,27.60887393,86.13316408,7.012740397,43.80041104,mungbean,Kharif,black,Karnataka
10,59,22,28.60901145,86.99495766,7.155685016,36.94616965,mungbean,Kharif,sandy,Punjab
14,48,21,29.24598976,84.80084105,6.991242362,53.43228915,mungbean,Kharif,black,Uttar Pradesh
8,50,21,28.62911222,89.1148059,6.218923893,50.49913241,mungbean,Kharif,clay,Karnataka
20,40,15,29.57329479,88.07505524,7.199495368,45.04467075,mungbean,Kharif,black,Punjab
36,43,22,27.82684262,87.16679147,6.389882166,58.37249772,mungbean,Kharif,sandy,Tamil Nadu
14,57,15,29.8757015,83.14796296,6.623438282,40.12044158,mungbean,Kharif,red,Uttar Pradesh
11,60,23,27.33684386,88.50229102,7.033012777,51.09802625,mungbean,Kharif,red,Karnataka
10,59,15,29.83040388,89.30428305,6.32400451,58.86687093,mungbean,Kharif,sandy,Karnataka
7,60,25,28.2753171,82.76020821,6.397636709,56.04995423,mungbean,Kharif,red,Uttar Pradesh
2,47,15,29.86860065,85.99127934,6.401455706,58.41394143,mungbean,Kharif,red,Tamil Nadu
20,45,22,29.5888162,89.9939693,6.904587016,54.96121262,mungbean,Kharif,loamy,Tamil Nadu
2,39,15,28.07219563,82.9116472,6.478557136,49.61865305,mungbean,Kharif,sandy,Uttar Pradesh
27,40,24,27.84026517,89.99615558,7.063022095,52.84626009,mungbean,Kharif,sandy,Uttar Pradesh
35,48,15,27.10818093,87.4512669,6.981758362,55.03723979,mungbean,Kharif,red,Karnataka
4,59,25,27.68515114,81.94268594,6.227134139,54.62243308,mungbean,Kharif,clay,Maharashtra
1,48,24,29.34594634,85.60472562,6.232836962,59.03629954,mungbean,Kharif,red,Karnataka
36,43,21,28.36319404,84.8593608,7.140437859,52.93031105,mungbean,Kharif,clay,Karnataka
11,46,24,27.65280218,89.80650642,6.459252023,56.52558045,mungbean,Kharif,red,Maharashtra
34,47,19,27.31372793,85.44815232,6.568795404,53.15223123,mungbean,Kharif,clay,Punjab
21,44,18,27.06909959,86.89934108,7.12851089,50.46746116,mungbean,Kharif,clay,Uttar Pradesh
17,58,20,28.06642822,85.91625451,6.42937879,39.23831035,mungbean,Kharif,red,Punjab
25,40,21,27.73329078,81.13903037,6.248900919,44.17580911,mungbean,Kharif,sandy,Punjab
2,38,18,27.53632932,89.92908171,6.619891498,45.48591922,mungbean,Kharif,red,Uttar Pradesh
9,48,20,29.66461594,84.28187572,6.377568542,56.09542002,mungbean,Kharif,clay,Punjab
37,49,25,29.9145443,85.85384444,6.415459592,41.39081525,mungbean,Kharif,red,Uttar Pradesh
36,38,15,28.36363858,87.59810657,6.320662012,57.99524359,mungbean,Kharif,sandy,Maharashtra
40,58,15,29.46416042,87.60890009,6.978400282,43.15411472,mungbean,Kharif,loamy,Tamil Nadu
30,44,16,29.73013036,82.89166381,6.442335593,50.91511275,mungbean,Kharif,red,Karnataka
1,59,23,27.46852989,87.17649,7.184398832,43.78420984,mungbean,Kharif,black,Maharashtra
9,48,22,27.77076285,87.09979549,6.402926221,49.50812624,mungbean,Kharif,clay,Punjab
14,41,17,29.12939524,88.48312598,7.085982325,36.45012824,mungbean,Kharif,black,Maharashtra
35,52,19,27.10606808,89.89593328,6.698574085,37.45680611,mungbean,Kharif,sandy,Uttar Pradesh
31,48,17,28.88078945,86.94206817,6.594739424,53.79732545,mungbean,Kharif,sandy,Karnataka
4,41,20,28.14720892,83.8001509,6.647965508,37.44800463,mungbean,Kharif,black,Karnataka
30,37,25,29.89129144,80.14487166,7.120032489,54.7960127,mungbean,Kharif,red,Tamil Nadu
9,35,20,27.41503453,80.98004661,6.91380932,40.53173216,mungbean,Kharif,red,Punjab
20,41,20,29.27308605,89.4875022,7.073048264,50.9246554,mungbean,Kharif,red,Uttar Pradesh
37,50,23,29.65296893,88.48587386,6.5304707,56.01913159,mungbean,Kharif,loamy,Maharashtra
34,35,21,28.44524991,82.67639542,6.684381357,58.18713162,mungbean,Kharif,clay,Tamil Nadu
14,37,15,27.96235681,83.97586797,6.581351374,48.9366954,mungbean,Kharif,sandy,Punjab
23,39,22,29.25649321,81.97952224,6.86483915,42.02483277,mungbean,Kharif,red,Punjab
5,45,21,28.36291385,88.00989267,6.487124217,43.05130077,mungbean,Kharif,clay,Karnataka
22,37,20,27.62749466,86.49366929,6.605733068,39.26137642,mungbean,Kharif,sandy,Tamil Nadu
40,51,17,28.66086349,86.12194568,6.860602782,50.01534317,mungbean,Kharif,red,Karnataka
27,56,20,29.2114218,87.11497805,6.41874299,51.53848218,mungbean,Kharif,loamy,Maharashtra
31,40,22,29.40889385,86.16063492,6.365513634,53.35486977,mungbean,Kharif,sandy,Tamil Nadu
38,36,21,28.02952623,84.8845732,6.556372966,36.12042927,mungbean,Kharif,loamy,Karnataka
6,37,17,28.08657178,80.35005927,6.760694228,38.14476781,mungbean,Kharif,red,Uttar Pradesh
6,47,18,29.16174608,80.28038146,6.715276663,40.16545979,mungbean,Kharif,loamy,Tamil Nadu
24,44,17,29.8596912,80.03499648,6.666380512,50.66487502,mungbean,Kharif,red,Uttar Pradesh
25,59,19,29.06631494,83.6869203,6.626629798,43.95183726,mungbean,Kharif,red,Karnataka
32,56,21,27.38538997,88.66663953,6.702772465,58.29933073,mungbean,Kharif,sandy,Maharashtra
8,45,18,27.93034941,85.42058715,7.011030515,43.25095608,mungbean,Kharif,red,Maharashtra
19,39,17,29.2808618,81.8009244,6.890156495,44.47427436,mungbean,Kharif,loamy,Uttar Pradesh
39,37,15,28.9973145,83.78911515,6.821747052,59.84499208,mungbean,Kharif,sandy,Maharashtra
33,37,19,27.92678579,86.5543196,7.183189922,43.4826194,mungbean,Kharif,black,Punjab
26,54,17,28.5474135,88.9570454,6.27258822,49.4897245,mungbean,Kharif,clay,Karnataka
21,51,15,29.36488409,89.1886954,6.679127482,48.30159325,mungbean,Kharif,black,Karnataka
22,54,20,28.56149805,83.63802195,6.689825155,41.013132,mungbean,Kharif,loamy,Uttar Pradesh
29,45,16,28.43683487,87.91332682,6.583381939,43.12063289,mungbean,Kharif,black,Uttar Pradesh
4,40,21,28.79728147,80.45744422,6.725551062,44.30070517,mungbean,Kharif,loamy,Karnataka
10,37,22,28.7275267,89.12760359,7.069747814,58.52974279,mungbean,Kharif,loamy,Karnataka
4,44,19,27.95639663,83.52706038,6.921993878,43.25726752,mungbean,Kharif,loamy,Tamil Nadu
20,45,17,28.17458662,83.69659318,6.770955317,37.2464655,mungbean,Kharif,red,Punjab
23,45,23,28.77653519,86.69133979,6.983130466,56.12443206,mungbean,Kharif,clay,Maharashtra
25,48,21,28.438097,83.48991368,6.267684328,52.55469976,mungbean,Kharif,red,Maharashtra
56,79,15,29.48439992,63.19915325,7.454532137,71.89090748,blackgram,Rabi,clay,Tamil Nadu
25,62,21,26.73433965,68.13999721,7.040056094,67.15096376,blackgram,Rabi,red,Maharashtra
42,61,22,26.27274407,62.28814857,7.418650668,70.23207557,blackgram,Rabi,loamy,Maharashtra
42,73,25,34.03679184,67.21113844,6.501869314,73.23573601,blackgram,Rabi,loamy,Maharashtra
44,58,18,28.03644051,65.06601664,6.814410928,72.49507741,blackgram,Rabi,loamy,Karnataka
50,55,16,28.81460716,65.33538112,7.581442888,62.26242533,blackgram,Rabi,black,Uttar Pradesh
35,72,21,34.03619494,64.28791388,7.741418772,66.85510868,blackgram,Rabi,clay,Tamil Nadu
30,64,20,33.8642935,61.57072498,6.573531614,68.02199825,blackgram,Rabi,clay,Tamil Nadu
27,64,21,32.84213012,68.68401492,7.543804223,73.67166182,blackgram,Rabi,clay,Maharashtra
50,74,17,27.10053268,63.36085585,6.5408208,73.84949872,blackgram,Rabi,clay,Punjab
39,73,24,25.65842532,61.18235808,7.22405917,69.28607828,blackgram,Rabi,black,Punjab
57,67,25,32.34744009,66.61452812,7.551364319,64.55882254,blackgram,Rabi,sandy,Uttar Pradesh
52,63,19,29.58949031,68.32176769,6.928898659,67.53021213,blackgram,Rabi,red,Maharashtra
55,66,22,30.91219459,68.79427388,7.747775263,66.63830637,blackgram,Rabi,red,Karnataka
51,56,18,28.12787838,64.2097765,6.706505915,70.86340755,blackgram,Rabi,sandy,Punjab
36,66,15,30.08545364,69.34811988,6.668238556,67.1367443,blackgram,Rabi,red,Tamil Nadu
59,55,19,31.74379487,62.51007687,7.332375138,68.97097538,blackgram,Rabi,loamy,Uttar Pradesh
50,58,23,27.81326852,62.50460464,7.596802025,69.75555541,blackgram,Rabi,black,Punjab
30,65,25,32.88733849,64.59457409,7.70650895,71.50569456,blackgram,Rabi,loamy,Maharashtra
20,62,18,29.36358721,64.98742947,7.366542647,61.91208707,blackgram,Rabi,red,Maharashtra
58,71,15,27.82592799,67.5861883,6.919243702,74.01229707,blackgram,Rabi,loamy,Tamil Nadu
25,71,24,28.49538735,60.44848407,7.187721818,74.91559514,blackgram,Rabi,black,Punjab
52,71,16,27.74274761,68.53997144,7.075886472,71.78615328,blackgram,Rabi,black,Tamil Nadu
40,63,18,30.41588462,67.66323804,6.74441168,63.02473185,blackgram,Rabi,red,Maharashtra
20,60,25,27.3254209,69.09047809,6.726469088,61.19250859,blackgram,Rabi,red,Uttar Pradesh
48,61,21,30.28496619,61.69295127,6.628264883,65.62859526,blackgram,Rabi,clay,Punjab
49,68,22,28.56840626,61.53278622,7.127064207,63.49726331,blackgram,Rabi,loamy,Maharashtra
48,62,15,25.36586097,66.6379724,7.538631462,65.81655892,blackgram,Rabi,loamy,Uttar Pradesh
32,66,17,34.9466155,65.26774011,7.162357641,70.1415139,blackgram,Rabi,sandy,Uttar Pradesh
21,63,22,25.09737391,67.72837887,6.859409487,74.61649888,blackgram,Rabi,loamy,Punjab
20,72,19,32.47648301,64.34848735,7.397190844,65.820457,blackgram,Rabi,loamy,Tamil Nadu
25,65,21,33.86351172,68.59232289,6.880245789,69.24464096,blackgram,Rabi,black,Karnataka
41,78,21,25.19857725,60.37332688,6.581313137,70.88787207,blackgram,Rabi,red,Maharashtra
53,67,17,31.77681682,69.01852894,7.296972161,61.46892873,blackgram,Rabi,black,Maharashtra
39,60,21,34.89814946,63.59948557,6.97297656,64.72797143,blackgram,Rabi,clay,Karnataka
25,76,17,31.74105409,68.63525428,7.241148507,62.3061735,blackgram,Rabi,sandy,Tamil Nadu
21,78,19,27.16159076,66.76017239,6.92009048,69.85112265,blackgram,Rabi,clay,Maharashtra
57,60,17,26.23773129,67.88521396,7.504608385,73.58663968,blackgram,Rabi,sandy,Karnataka
56,75,15,30.20157245,60.06534859,7.152272256,66.37171179,blackgram,Rabi,sandy,Karnataka
49,72,15,31.55846339,67.83563765,7.137004749,74.86960831,blackgram,Rabi,red,Tamil Nadu
24,80,19,29.67892453,69.0854554,6.808041722,65.66436565,blackgram,Rabi,sandy,Uttar Pradesh
49,76,18,27.05365239,67.7017527,7.393631868,60.4693835,blackgram,Rabi,red,Karnataka
28,68,19,34.63880966,61.38597868,7.69950698,72.43169115,blackgram,Rabi,sandy,Karnataka
55,78,21,33.39438752,62.93692886,6.602888249,63.57445989,blackgram,Rabi,sandy,Uttar Pradesh
50,64,25,28.84079155,63.37230676,6.734447425,70.25496749,blackgram,Rabi,black,Tamil Nadu
34,80,19,31.49338309,63.0563645,6.521217963,71.48327008,blackgram,Rabi,sandy,Maharashtra
20,68,23,25.54960633,63.95425534,7.707332484,63.1830529,blackgram,Rabi,red,Karnataka
55,67,16,34.37329112,69.69366426,6.596719015,70.27184748,blackgram,Rabi,red,Karnataka
23,70,15,34.6008247,63.11296779,7.403623355,60.41790253,blackgram,Rabi,sandy,Maharashtra
53,74,15,29.43463808,64.94329356,7.517097,72.17818157,blackgram,Rabi,black,Maharashtra
26,67,16,29.10713092,67.90577375,7.17620823,67.83345933,blackgram,Rabi,red,Karnataka
33,80,22,28.57006111,65.71765781,6.593961761,70.0866434,blackgram,Rabi,clay,Maharashtra
37,79,19,27.54384835,69.3478631,7.143942758,69.40878198,blackgram,Rabi,black,Karnataka
33,75,21,33.04687968,68.93875631,6.690655045,62.30278274,blackgram,Rabi,red,Uttar Pradesh
22,55,20,33.95309131,69.96100028,7.423530351,61.16350463,blackgram,Rabi,red,Karnataka
20,68,17,30.11873003,60.11680815,6.578714843,71.72980375,blackgram,Rabi,loamy,Maharashtra
43,68,20,29.57812712,66.17587668,7.497469256,69.43895491,blackgram,Rabi,red,Karnataka
44,76,22,27.26458947,68.01232937,7.775306272,68.91754359,blackgram,Rabi,sandy,Maharashtra
34,60,16,31.35730791,64.24992106,7.322555223,63.85668948,blackgram,Rabi,red,Maharashtra
21,72,17,31.52104732,66.55723677,7.580527339,61.71111448,blackgram,Rabi,black,Maharashtra
25,68,19,29.39982732,64.25510719,7.108450121,67.47677295,blackgram,Rabi,clay,Karnataka
41,62,15,29.38400259,64.14928485,7.358974541,65.24194361,blackgram,Rabi,sandy,Maharashtra
28,65,23,28.38686534,61.88871127,7.405176138,74.24459122,blackgram,Rabi,red,Tamil Nadu
35,64,15,28.47442276,63.53604453,6.500144962,69.5274407,blackgram,Rabi,loamy,Maharashtra
52,58,16,30.64095781,61.14508627,7.167435834,71.36947525,blackgram,Rabi,black,Tamil Nadu
58,75,25,25.25596239,61.36669662,7.261791753,68.64685069,blackgram,Rabi,sandy,Karnataka
34,66,19,32.97030511,60.18122078,7.586642101,73.44678678,blackgram,Rabi,clay,Maharashtra
52,70,16,33.66855394,66.60416867,7.534811833,67.32520551,blackgram,Rabi,sandy,Tamil Nadu
23,57,19,32.83963757,67.99803573,7.251000789,73.40452716,blackgram,Rabi,red,Uttar Pradesh
42,58,25,27.45853567,62.90020977,6.513620918,69.46020927,blackgram,Rabi,red,Karnataka
37,62,17,25.68576704,69.84354028,7.121254928,74.62068748,blackgram,Rabi,clay,Tamil Nadu
44,75,22,30.0328403,64.14800537,7.574561547,71.21006868,blackgram,Rabi,sandy,Maharashtra
21,80,20,28.20667264,68.27085245,7.350869792,64.32887142,blackgram,Rabi,loamy,Tamil Nadu
56,76,16,28.27265858,61.18956161,7.513151076,63.29900785,blackgram,Rabi,sandy,Uttar Pradesh
29,76,15,28.5417236,64.2020154,7.025607706,69.68862306,blackgram,Rabi,red,Tamil Nadu
43,61,20,26.87187036,61.61367264,6.804253866,63.51822045,blackgram,Rabi,sandy,Karnataka
55,60,15,32.79766751,68.77994074,7.163043872,64.11411069,blackgram,Rabi,loamy,Tamil Nadu
44,63,15,26.42333018,64.51136845,7.338929556,63.46546487,blackgram,Rabi,clay,Karnataka
29,67,21,29.79181107,63.38789228,6.621323612,63.02169909,blackgram,Rabi,loamy,Karnataka
47,63,16,27.44003279,67.10464369,6.661870999,72.50669768,blackgram,Rabi,red,Karnataka
40,68,17,34.1262979,65.14877461,7.733149554,70.40795007,blackgram,Rabi,red,Maharashtra
58,61,15,30.94908189,64.23364112,7.402891666,62.78730907,blackgram,Rabi,sandy,Tamil Nadu
41,74,18,28.75751783,61.02701476,6.599147298,73.37686831,blackgram,Rabi,clay,Tamil Nadu
58,79,17,27.24766491,66.10123083,7.04174124,62.31842057,blackgram,Rabi,clay,Punjab
27,62,24,28.63005477,66.770943,7.353876754,62.2737345,blackgram,Rabi,clay,Tamil Nadu
27,60,17,26.41768321,63.64698302,7.026795359,64.42177127,blackgram,Rabi,red,Uttar Pradesh
52,65,20,32.81705216,66.15665137,6.814301033,68.83924882,blackgram,Rabi,sandy,Maharashtra
44,55,25,29.6321052,65.91359954,7.42160832,71.16331975,blackgram,Rabi,black,Tamil Nadu
21,62,24,33.49077065,62.73317204,6.847382891,65.45328463,blackgram,Rabi,sandy,Punjab
60,59,22,31.86847286,66.74217464,7.191522601,74.22238583,blackgram,Rabi,loamy,Maharashtra
33,77,21,30.32992227,65.62971858,7.01285529,71.64631281,blackgram,Rabi,loamy,Uttar Pradesh
59,58,17,28.546224,66.31394098,7.368318809,62.83469851,blackgram,Rabi,red,Punjab
29,63,17,30.02629908,67.88811637,7.26154329,66.47264636,blackgram,Rabi,sandy,Punjab
59,63,18,31.65531175,60.13263713,6.52669158,66.69096751,blackgram,Rabi,black,Maharashtra
29,70,15,30.33499674,63.54718862,6.872594461,74.16699119,blackgram,Rabi,sandy,Tamil Nadu
58,73,16,33.36984395,65.67718163,6.874142175,64.89517488,blackgram,Rabi,loamy,Uttar Pradesh
55,77,22,31.4345059,62.99303471,7.76061831,64.77651469,blackgram,Rabi,red,Uttar Pradesh
42,79,23,27.71678273,63.29103387,6.781841984,68.56507978,blackgram,Rabi,sandy,Maharashtra
44,77,21,32.63918668,61.3009051,7.326980454,61.83876146,blackgram,Rabi,sandy,Tamil Nadu
38,62,25,32.7477393,67.77954584,7.453975408,63.37784443,blackgram,Rabi,sandy,Punjab
32,76,15,28.05153602,63.49802189,7.604110177,43.35795377,lentil,Rabi,loamy,Karnataka
13,61,22,19.44084326,63.27771461,7.728832424,46.83130119,lentil,Rabi,red,Uttar Pradesh
38,60,20,29.84823072,60.63872613,7.491217102,46.80452595,lentil,Rabi,black,Punjab
11,74,17,21.36383757,69.92375891,6.633864582,46.6352865,lentil,Rabi,clay,Karnataka
37,71,16,26.28663931,68.51966729,7.324863481,46.13833007,lentil,Rabi,red,Karnataka
29,71,18,22.17499963,62.13873825,6.410441476,53.46622584,lentil,Rabi,loamy,Punjab
2,72,18,26.57597546,60.97876599,7.836719564,50.89110726,lentil,Rabi,loamy,Tamil Nadu
6,59,21,26.58972517,66.14007674,6.139215944,50.90994463,lentil,Rabi,sandy,Karnataka
13,64,20,19.1345771,62.57526895,6.590571088,36.46946971,lentil,Rabi,sandy,Maharashtra
8,58,17,28.75273118,69.15640149,7.286049978,35.15426171,lentil,Rabi,black,Punjab
6,77,20,25.78746268,60.2816298,6.058306161,49.14337177,lentil,Rabi,black,Karnataka
2,75,22,23.89271875,61.78779413,6.658605362,52.55730112,lentil,Rabi,black,Karnataka
3,69,23,28.67408774,63.18832976,7.299360767,42.96018627,lentil,Rabi,clay,Punjab
27,80,24,28.42062847,61.77336343,7.815210661,49.02366803,lentil,Rabi,sandy,Karnataka
39,78,15,21.35499456,62.60136323,5.925391795,41.78219834,lentil,Rabi,loamy,Maharashtra
40,79,17,21.12695586,63.18738532,6.403683619,38.71834464,lentil,Rabi,clay,Tamil Nadu
37,62,22,24.02037872,61.62313345,7.397546271,49.78102578,lentil,Rabi,red,Maharashtra
31,60,24,25.40474421,65.8567539,7.722335992,51.92057267,lentil,Rabi,black,Maharashtra
22,67,22,29.03017561,64.49166566,7.475926645,54.9393771,lentil,Rabi,red,Maharashtra
3,78,18,20.21368219,68.65257685,6.887130053,50.89732989,lentil,Rabi,clay,Karnataka
4,80,16,29.19585548,68.01965728,7.441976825,44.93261911,lentil,Rabi,sandy,Karnataka
13,61,24,18.29783597,69.6897615,7.629910253,49.39111479,lentil,Rabi,loamy,Uttar Pradesh
12,66,20,27.41434987,63.41785982,7.336117221,44.43177543,lentil,Rabi,sandy,Maharashtra
4,61,21,24.84063998,60.09116626,6.75020529,48.77790371,lentil,Rabi,sandy,Uttar Pradesh
9,60,21,29.94413861,67.31323084,7.52178027,40.37113729,lentil,Rabi,loamy,Tamil Nadu
18,66,22,25.87990287,67.55109024,6.347379185,47.89645224,lentil,Rabi,red,Maharashtra
32,56,18,20.0467711,65.84395319,7.135251532,46.05333124,lentil,Rabi,loamy,Maharashtra
6,72,15,22.99451999,66.70897237,7.670178119,54.49044154,lentil,Rabi,black,Uttar Pradesh
15,77,20,25.13163619,66.92642362,7.399749291,49.04015558,lentil,Rabi,clay,Karnataka
0,65,24,28.49584395,62.44616219,7.841496029,53.14531023,lentil,Rabi,red,Uttar Pradesh
30,79,22,18.28766124,69.48515056,6.254216611,48.60449438,lentil,Rabi,clay,Punjab
3,63,16,24.38041875,61.18458224,6.868881708,53.13946695,lentil,Rabi,sandy,Punjab
2,78,23,21.31852148,66.43934593,7.320514721,45.42616802,lentil,Rabi,red,Maharashtra
10,78,18,18.54141834,62.70637578,6.296976913,44.07819743,lentil,Rabi,sandy,Maharashtra
14,67,25,25.28710601,60.85993533,7.241151936,49.37369982,lentil,Rabi,clay,Tamil Nadu
39,65,23,25.43459777,69.12613376,7.685959305,41.02682925,lentil,Rabi,loamy,Karnataka
19,72,15,28.83600962,69.76112921,6.890760124,44.08562546,lentil,Rabi,red,Tamil Nadu
18,57,21,27.37659643,63.93927841,6.155915975,49.47371773,lentil,Rabi,loamy,Maharashtra
31,58,15,28.31886863,60.19461399,6.167855382,45.36521251,lentil,Rabi,black,Uttar Pradesh
28,58,25,27.4818649,62.04814951,6.861640036,37.81123974,lentil,Rabi,black,Punjab
5,65,19,18.28072173,68.10365387,6.978361689,48.80253285,lentil,Rabi,red,Punjab
16,65,19,27.61204997,69.29786244,7.043160241,42.72374404,lentil,Rabi,sandy,Karnataka
34,65,19,23.43974653,63.22011726,5.94239222,45.40277297,lentil,Rabi,red,Maharashtra
14,69,19,20.95628486,63.68128841,7.239455147,52.39881209,lentil,Rabi,clay,Uttar Pradesh
22,55,16,23.7937153,68.03209183,6.516317561,49.73922097,lentil,Rabi,black,Uttar Pradesh
24,61,17,22.6371424,65.44544859,6.233269045,38.30411077,lentil,Rabi,clay,Punjab
2,79,15,21.53577883,65.47227704,7.505283615,35.75107592,lentil,Rabi,loamy,Punjab
26,63,17,29.87854588,65.73085206,6.950300686,44.95654782,lentil,Rabi,loamy,Maharashtra
27,61,15,25.2653291,67.10004577,6.958054839,48.33941188,lentil,Rabi,clay,Karnataka
24,70,16,25.17885316,68.93307305,6.54803469,35.03484812,lentil,Rabi,sandy,Karnataka
13,74,25,24.12192608,61.09533545,6.461618577,44.23629285,lentil,Rabi,clay,Maharashtra
6,64,23,23.33565221,67.40460704,7.065264073,36.18678721,lentil,Rabi,sandy,Maharashtra
12,58,23,21.74600081,63.39503184,6.765091462,50.43306085,lentil,Rabi,sandy,Uttar Pradesh
32,79,22,27.60195453,63.46170674,5.91645379,54.37814199,lentil,Rabi,loamy,Uttar Pradesh
6,68,18,24.388717,62.50453062,6.711341147,47.26052494,lentil,Rabi,loamy,Karnataka
10,79,20,24.98287462,66.895409,6.379881442,38.21370568,lentil,Rabi,clay,Karnataka
38,77,22,28.234829,69.3159965,6.313284268,35.36831423,lentil,Rabi,loamy,Uttar Pradesh
17,74,17,26.03026959,69.55863145,7.393210848,37.11395801,lentil,Rabi,sandy,Tamil Nadu
26,68,24,28.04849594,64.07691942,7.504930973,37.15824966,lentil,Rabi,clay,Punjab
23,75,17,24.87425505,64.00213929,7.198076286,48.28137482,lentil,Rabi,red,Maharashtra
32,78,22,23.97081395,62.35557553,7.007037515,53.40906048,lentil,Rabi,loamy,Uttar Pradesh
19,79,19,20.06003985,67.76252583,6.677262562,42.89509057,lentil,Rabi,loamy,Maharashtra
22,60,18,19.59221047,61.28633405,6.74398035,41.7704893,lentil,Rabi,loamy,Punjab
28,69,16,29.77013109,66.29327012,6.547361618,35.69674138,lentil,Rabi,black,Punjab
1,67,21,27.52135365,60.53657684,6.551577598,48.06491307,lentil,Rabi,sandy,Punjab
12,67,23,25.62896213,63.14909763,6.585020303,45.49683991,lentil,Rabi,sandy,Tamil Nadu
36,67,20,20.39078312,60.47528931,6.924042372,53.31508572,lentil,Rabi,sandy,Tamil Nadu
28,70,21,25.39038396,60.4989659,7.437373666,39.18374505,lentil,Rabi,sandy,Karnataka
12,71,19,24.91079638,60.71367427,7.142611056,42.19740397,lentil,Rabi,red,Maharashtra
22,68,16,27.70496805,63.20915034,7.74672376,37.46160727,lentil,Rabi,black,Punjab
26,66,22,18.06486101,65.1034354,6.300479414,51.54922825,lentil,Rabi,black,Maharashtra
16,65,16,18.13027797,62.45851612,6.078724107,50.6128521,lentil,Rabi,red,Maharashtra
14,59,22,23.82723528,67.89815262,6.76660668,46.90725077,lentil,Rabi,red,Tamil Nadu
33,59,19,23.19305333,62.74710773,7.641024177,49.55213308,lentil,Rabi,clay,Tamil Nadu
21,63,17,25.08966129,68.17543102,6.559681838,41.45486619,lentil,Rabi,black,Tamil Nadu
0,69,21,25.86928193,61.88321072,7.072923306,36.68284038,lentil,Rabi,clay,Maharashtra
10,75,17,18.43966037,68.05394959,7.732194788,39.00992137,lentil,Rabi,red,Punjab
30,61,18,27.14911056,67.02664337,6.157782589,52.50812701,lentil,Rabi,red,Maharashtra
0,74,17,23.33375853,64.50515776,7.240988401,47.01510708,lentil,Rabi,black,Uttar Pradesh
35,74,22,26.7230014,62.96841833,6.898905799,42.87274897,lentil,Rabi,sandy,Punjab
7,63,24,19.55750776,64.45268309,6.818681086,53.04669416,lentil,Rabi,red,Karnataka
9,56,17,26.13708256,66.7729209,6.261937875,46.48280681,lentil,Rabi,sandy,Uttar Pradesh
14,74,15,27.99990346,65.57653373,6.493036868,49.94043064,lentil,Rabi,clay,Uttar Pradesh
14,76,20,29.05941162,62.10652364,7.042474679,36.5011366,lentil,Rabi,clay,Maharashtra
36,65,16,25.71269843,64.1123333,7.692013657,50.17067771,lentil,Rabi,loamy,Maharashtra
28,67,21,21.79792649,63.73086065,6.250994223,46.62370222,lentil,Rabi,loamy,Maharashtra
28,79,16,24.70626432,60.26854183,6.052184881,53.12442925,lentil,Rabi,loamy,Punjab
40,61,22,20.94981756,65.8108757,7.002216044,44.23913012,lentil,Rabi,clay,Maharashtra
10,70,19,24.84918386,68.98088448,7.272427638,41.61080544,lentil,Rabi,black,Uttar Pradesh
12,80,19,21.91041045,65.21662467,5.962001484,36.10211371,lentil,Rabi,red,Uttar Pradesh
37,77,20,25.93381964,68.70533022,7.080506001,51.02372773,lentil,Rabi,clay,Punjab
0,67,22,29.82112112,69.4073209,6.593798387,51.56461082,lentil,Rabi,black,Karnataka
7,73,25,27.52185591,63.13215259,7.28805662,45.20841071,lentil,Rabi,black,Punjab
10,56,18,27.99627907,68.6428593,7.32710972,46.10585191,lentil,Rabi,red,Uttar Pradesh
39,70,15,20.76774783,63.90164154,6.366355781,47.9271552,lentil,Rabi,loamy,Karnataka
26,56,22,23.05276444,60.424786,7.011121216,52.60285259,lentil,Rabi,red,Karnataka
9,77,17,21.65845777,63.58337146,6.280725549,38.07659414,lentil,Rabi,red,Uttar Pradesh
4,59,19,26.25070298,67.62779652,7.621494566,40.8106299,lentil,Rabi,loamy,Punjab
34,73,15,20.97195263,63.83179889,7.630424083,53.10207889,lentil,Rabi,black,Punjab
33,77,15,23.89736406,66.32102048,7.802212437,40.74536757,lentil,Rabi,sandy,Maharashtra
2,24,38,24.55981624,91.63536236,5.922935513,111.9684622,pomegranate,Perennial,black,Karnataka
6,18,37,19.65690085,89.93701023,5.937649578,108.0458926,pomegranate,Perennial,clay,Tamil Nadu
8,26,36,18.78359608,87.4024767,6.804781106,102.5184759,pomegranate,Perennial,clay,Punjab
37,18,39,24.1469628,94.5110662,6.424670614,110.2316633,pomegranate,Perennial,clay,Punjab
0,27,38,22.44581266,89.90147027,6.738016221,109.3905998,pomegranate,Perennial,clay,Maharashtra
31,25,38,24.96273236,92.40501423,6.497366677,109.4169192,pomegranate,Perennial,sandy,Maharashtra
21,21,38,22.5526059,89.3259486,6.327673765,104.8955643,pomegranate,Perennial,sandy,Karnataka
6,30,40,22.77035608,91.45498527,6.36137446,106.9659201,pomegranate,Perennial,loamy,Karnataka
25,27,41,19.20090378,94.27659596,6.923509371,108.0423555,pomegranate,Perennial,black,Punjab
15,11,38,23.12808226,92.68328358,6.630646083,109.3930157,pomegranate,Perennial,loamy,Maharashtra
14,5,36,24.92639065,85.19098079,5.832525853,104.7693804,pomegranate,Perennial,sandy,Punjab
16,10,41,24.77464458,85.63608688,6.738993954,105.7595811,pomegranate,Perennial,clay,Karnataka
36,7,37,19.8671184,86.35590206,5.782435567,108.3168858,pomegranate,Perennial,black,Karnataka
4,20,41,24.26601316,93.7974061,6.537042717,104.5375109,pomegranate,Perennial,sandy,Punjab
29,22,40,23.62600218,89.73266695,6.145104401,107.6836871,pomegranate,Perennial,loamy,Maharashtra
16,15,42,19.67832052,89.08935702,6.890784045,108.5468633,pomegranate,Perennial,loamy,Karnataka
18,27,41,22.36509395,92.30882391,7.175344328,104.8216333,pomegranate,Perennial,loamy,Punjab
11,18,42,21.57936934,94.88267728,5.938528744,102.8593382,pomegranate,Perennial,black,Uttar Pradesh
5,15,38,18.26233221,88.16779129,5.709380472,108.0756727,pomegranate,Perennial,sandy,Karnataka
18,23,44,23.71028128,89.61794165,6.184400085,105.6499907,pomegranate,Perennial,black,Maharashtra
9,8,40,22.48720144,89.9224883,6.553509673,111.6631582,pomegranate,Perennial,sandy,Punjab
40,27,45,21.6602498,94.79397419,5.885638185,112.4349689,pomegranate,Perennial,red,Punjab
22,23,44,20.13037175,89.31505137,6.143874691,107.3416913,pomegranate,Perennial,clay,Maharashtra
9,16,39,18.41164435,91.11927248,6.101198974,105.1834976,pomegranate,Perennial,red,Tamil Nadu
12,29,40,19.68291173,89.75272999,6.594037135,111.2818551,pomegranate,Perennial,clay,Karnataka
0,17,42,23.20242586,91.19442671,6.859840821,109.0946323,pomegranate,Perennial,loamy,Tamil Nadu
2,21,44,18.92157197,87.31290342,6.56893406,102.8013275,pomegranate,Perennial,loamy,Maharashtra
28,6,40,22.10621387,91.34039616,6.769855664,106.8704803,pomegranate,Perennial,red,Tamil Nadu
8,23,44,18.47412402,89.68919664,7.130837931,108.4758509,pomegranate,Perennial,clay,Tamil Nadu
29,16,36,19.81069447,88.92944254,5.740338002,102.860084,pomegranate,Perennial,loamy,Maharashtra
17,18,43,24.4880844,90.83687246,5.843005428,103.1969341,pomegranate,Perennial,black,Uttar Pradesh
34,21,42,18.75927679,89.93457597,6.648687274,111.0196744,pomegranate,Perennial,black,Karnataka
21,23,42,19.54128063,90.29751796,6.902751061,104.3739878,pomegranate,Perennial,loamy,Punjab
25,17,40,18.91251245,87.74938524,6.608023872,111.2800516,pomegranate,Perennial,loamy,Tamil Nadu
8,25,36,19.91330523,94.95031368,6.828522375,104.0277061,pomegranate,Perennial,sandy,Karnataka
26,18,42,19.72620525,89.64934166,6.910374919,108.2287276,pomegranate,Perennial,clay,Uttar Pradesh
4,19,42,23.83185873,87.84034604,6.306605528,111.2232716,pomegranate,Perennial,sandy,Maharashtra
36,24,41,24.94467632,94.25702672,7.009180374,103.8799347,pomegranate,Perennial,loamy,Uttar Pradesh
5,24,40,24.692258,93.87030088,6.297907579,104.6735454,pomegranate,Perennial,black,Karnataka
19,17,39,24.72485577,85.56083187,6.728599215,111.2787584,pomegranate,Perennial,loamy,Karnataka
39,30,38,20.12644921,87.59629625,6.965156738,108.065579,pomegranate,Perennial,loamy,Karnataka
5,29,44,21.02432943,93.0569505,5.578095745,104.7847006,pomegranate,Perennial,red,Tamil Nadu
4,24,43,22.40423537,88.1508343,7.199504273,109.8695196,pomegranate,Perennial,sandy,Karnataka
38,21,35,20.33691147,89.38003827,5.841367187,110.9653137,pomegranate,Perennial,loamy,Tamil Nadu
37,11,36,24.24779615,85.56033312,6.710143266,106.9216033,pomegranate,Perennial,clay,Uttar Pradesh
9,25,41,24.81530144,91.90842992,5.972714857,109.2853418,pomegranate,Perennial,black,Karnataka
29,22,43,19.66329768,87.95158129,5.561851831,106.0380805,pomegranate,Perennial,sandy,Karnataka
5,21,38,22.43377991,90.3396556,6.107054808,112.459697,pomegranate,Perennial,loamy,Tamil Nadu
22,26,38,22.92052307,85.12912161,6.988035315,110.2437841,pomegranate,Perennial,sandy,Maharashtra
4,18,37,22.91843172,85.40695044,7.13147457,106.2817706,pomegranate,Perennial,black,Maharashtra
21,6,41,24.88244467,89.39686219,7.086947687,107.1951707,pomegranate,Perennial,red,Tamil Nadu
29,21,45,23.40981539,93.13277,6.749260456,105.2240743,pomegranate,Perennial,clay,Punjab
23,5,44,21.20725375,94.26304717,7.16300467,107.5660804,pomegranate,Perennial,red,Tamil Nadu
13,7,43,18.20230419,91.12282162,7.013481515,109.6623974,pomegranate,Perennial,sandy,Karnataka
5,13,37,22.34375696,89.7870345,5.648243649,103.3183074,pomegranate,Perennial,red,Uttar Pradesh
27,24,41,24.32770134,90.88292835,6.610251186,110.4606459,pomegranate,Perennial,black,Punjab
7,23,35,19.75088482,88.71691157,7.054313823,102.5538035,pomegranate,Perennial,sandy,Uttar Pradesh
12,20,39,19.86173586,86.19740917,6.026999326,111.0217929,pomegranate,Perennial,loamy,Punjab
4,19,43,18.07132963,93.14554876,5.779427402,106.3602023,pomegranate,Perennial,red,Karnataka
3,9,45,23.89162561,89.61850203,6.535244251,104.617522,pomegranate,Perennial,black,Tamil Nadu
1,27,36,23.98598756,93.34236582,5.684995235,104.991282,pomegranate,Perennial,sandy,Punjab
23,30,44,20.93892916,85.42912869,6.12476108,103.0295938,pomegranate,Perennial,black,Tamil Nadu
24,21,42,20.82210727,87.22815682,6.999014379,109.4429934,pomegranate,Perennial,red,Tamil Nadu
13,30,37,20.86474944,91.61793636,6.277148771,106.8685636,pomegranate,Perennial,clay,Punjab
40,11,44,24.45840036,86.10874614,6.322396027,111.3779693,pomegranate,Perennial,loamy,Maharashtra
21,9,40,24.51147697,90.64498715,5.956401828,105.6209954,pomegranate,Perennial,black,Uttar Pradesh
3,27,44,24.56811204,92.03009222,6.591302797,110.9633894,pomegranate,Perennial,loamy,Uttar Pradesh
40,29,42,24.63228709,89.01574455,7.104094929,110.6956184,pomegranate,Perennial,black,Karnataka
14,25,40,20.07386547,90.97819712,6.407872061,103.7084055,pomegranate,Perennial,loamy,Maharashtra
38,14,37,21.80523051,94.63612858,6.658402594,102.6488846,pomegranate,Perennial,sandy,Punjab
34,9,36,22.8122645,86.34233767,6.276038961,110.4432293,pomegranate,Perennial,black,Maharashtra
32,14,37,22.73031253,88.48567856,6.825256236,104.6843243,pomegranate,Perennial,black,Punjab
18,21,35,23.2801227,94.94330457,6.368560522,111.1382096,pomegranate,Perennial,sandy,Uttar Pradesh
8,23,38,19.30106297,87.1775172,7.005410734,105.4766591,pomegranate,Perennial,black,Maharashtra
15,6,41,19.0087067,88.83768149,6.897368477,108.6793978,pomegranate,Perennial,clay,Tamil Nadu
0,5,36,24.35193812,90.88612388,6.152906502,105.529185,pomegranate,Perennial,sandy,Punjab
22,9,44,24.72235539,88.87651295,5.744361602,112.1926517,pomegranate,Perennial,red,Tamil Nadu
14,8,43,21.92513945,94.46485312,7.051654924,111.7162016,pomegranate,Perennial,sandy,Uttar Pradesh
31,11,45,24.83954414,86.88738076,6.034612928,107.6435771,pomegranate,Perennial,loamy,Karnataka
39,17,45,18.09691127,90.42177379,6.924490731,104.88189,pomegranate,Perennial,red,Uttar Pradesh
10,5,42,20.24104904,91.08706822,6.887005997,109.2537734,pomegranate,Perennial,loamy,Maharashtra
8,28,38,23.22594,94.42971362,6.8444019,105.6917856,pomegranate,Perennial,black,Punjab
32,13,42,23.50128217,92.97527546,5.786058032,106.61905,pomegranate,Perennial,loamy,Punjab
18,9,40,19.44623085,89.02127045,5.627186257,106.1606833,pomegranate,Perennial,red,Uttar Pradesh
20,27,41,20.51343484,92.51675903,5.700088663,110.5764023,pomegranate,Perennial,loamy,Punjab
39,25,36,18.90223032,94.99897537,5.567805185,107.6103211,pomegranate,Perennial,black,Karnataka
20,7,45,18.90592319,89.24126808,6.077886012,112.4750941,pomegranate,Perennial,loamy,Tamil Nadu
11,10,45,22.63045168,88.45577158,6.397995609,109.0357597,pomegranate,Perennial,loamy,Tamil Nadu
40,18,43,19.38603815,86.79058496,5.767372539,109.9130984,pomegranate,Perennial,clay,Maharashtra
3,26,39,24.38318965,91.19431555,7.079973241,103.6012114,pomegranate,Perennial,sandy,Maharashtra
9,16,36,23.77989026,92.93386903,5.893332378,106.977723,pomegranate,Perennial,red,Tamil Nadu
30,20,38,22.59890174,93.16343942,7.058222596,110.0932899,pomegranate,Perennial,clay,Uttar Pradesh
40,9,41,24.37766782,85.4017118,5.78270695,106.128338,pomegranate,Perennial,red,Uttar Pradesh
40,30,35,20.89273273,91.07776977,6.269663963,104.4407083,pomegranate,Perennial,loamy,Maharashtra
32,25,35,18.09903225,85.70786282,5.892913826,107.0050976,pomegranate,Perennial,sandy,Maharashtra
33,23,45,20.00218987,85.83618191,7.116538883,112.337046,pomegranate,Perennial,clay,Tamil Nadu
4,14,41,19.85139326,89.80732335,6.430163481,102.8186358,pomegranate,Perennial,clay,Tamil Nadu
13,17,45,21.25433607,92.65058936,7.159520979,106.2784673,pomegranate,Perennial,black,Maharashtra
39,24,39,23.65374106,93.32657504,6.431265737,109.8076178,pomegranate,Perennial,sandy,Maharashtra
8,28,37,23.88404783,86.20613842,6.082571701,108.3121789,pomegranate,Perennial,red,Karnataka
91,94,46,29.36792366,76.24900101,6.149934034,92.82840911,banana,Perennial,red,Tamil Nadu
105,95,50,27.33368994,83.67675197,5.849076099,101.0494791,banana,Perennial,sandy,Uttar Pradesh
108,92,53,27.40053601,82.96221306,6.276800323,104.9378,banana,Perennial,sandy,Uttar Pradesh
86,76,54,29.3159075,80.11585705,5.926824754,90.10978128,banana,Perennial,red,Uttar Pradesh
80,77,49,26.05433004,79.39654531,5.519088423,113.2297373,banana,Perennial,clay,Karnataka
93,94,53,25.86632408,84.42379269,6.079178788,114.5357503,banana,Perennial,loamy,Uttar Pradesh
90,92,55,27.00932084,80.18546798,6.13465588,97.32531705,banana,Perennial,sandy,Uttar Pradesh
108,89,53,29.55054817,78.06762846,5.808497604,99.34482238,banana,Perennial,sandy,Uttar Pradesh
108,88,55,26.28845991,83.390039,5.891458107,113.8729798,banana,Perennial,red,Uttar Pradesh
105,77,52,29.16226551,76.16151562,5.816622479,100.0075679,banana,Perennial,clay,Punjab
118,88,52,28.65003945,82.68752542,5.843163161,98.75084366,banana,Perennial,sandy,Karnataka
101,87,54,29.07311132,76.50045221,6.376756633,100.1692639,banana,Perennial,sandy,Uttar Pradesh
95,75,50,28.08166093,75.26429821,5.623615687,118.2761894,banana,Perennial,black,Punjab
106,85,53,27.1994597,78.8086068,5.91505509,99.72430835,banana,Perennial,black,Tamil Nadu
86,95,49,28.05484146,78.04602887,6.458714879,108.3957179,banana,Perennial,clay,Tamil Nadu
83,79,55,25.14748006,83.34688193,5.565028635,98.66679427,banana,Perennial,black,Maharashtra
85,95,47,25.94019018,78.3422098,6.211833161,119.84797,banana,Perennial,black,Karnataka
109,79,45,27.66752761,79.68542782,6.490074429,108.66464,banana,Perennial,loamy,Uttar Pradesh
100,76,45,25.56703012,75.94067692,5.590236025,102.7867717,banana,Perennial,black,Punjab
117,86,48,28.6956201,82.54195839,6.225225239,116.1616839,banana,Perennial,clay,Maharashtra
114,94,53,26.33544853,76.8532006,6.190757459,118.6858263,banana,Perennial,clay,Karnataka
110,78,50,25.93730186,78.89864446,5.915568968,98.21747528,banana,Perennial,clay,Maharashtra
94,70,48,25.13686519,84.88394407,6.195152442,91.46442491,banana,Perennial,clay,Uttar Pradesh
80,71,47,27.50527651,80.79783998,6.156373499,105.0776992,banana,Perennial,red,Maharashtra
114,79,51,26.21009246,82.34429458,6.313197204,112.0700033,banana,Perennial,loamy,Tamil Nadu
88,78,45,29.10403455,79.19588629,6.324270089,92.07835761,banana,Perennial,clay,Punjab
112,73,48,29.2440638,77.32017166,5.707488987,90.66727868,banana,Perennial,clay,Maharashtra
117,76,47,25.56202173,77.38229006,6.119216009,93.10247183,banana,Perennial,loamy,Uttar Pradesh
111,87,48,26.3985515,81.36028902,5.571401169,98.16752001,banana,Perennial,loamy,Tamil Nadu
89,83,47,28.09577643,77.79586769,5.63127166,109.5408614,banana,Perennial,red,Uttar Pradesh
93,91,47,27.84767901,83.31110751,6.101241579,117.2878912,banana,Perennial,sandy,Maharashtra
92,81,52,27.39341554,81.4654833,6.438137279,94.31102057,banana,Perennial,loamy,Karnataka
105,74,45,25.14517635,81.38204104,6.098369122,119.218154,banana,Perennial,sandy,Maharashtra
102,71,48,28.65456263,79.28693687,5.695267822,102.4633775,banana,Perennial,clay,Tamil Nadu
94,91,51,29.16093424,76.67484233,5.618094446,109.575944,banana,Perennial,red,Karnataka
116,71,47,27.57278064,82.0638878,6.435785799,91.34276507,banana,Perennial,black,Tamil Nadu
117,79,49,25.40909896,82.36208097,6.176644228,112.9794804,banana,Perennial,loamy,Maharashtra
119,72,55,25.99069521,83.33983116,6.220643671,112.0777152,banana,Perennial,red,Karnataka
99,73,53,26.29039046,81.06003778,5.871702211,118.6730366,banana,Perennial,black,Karnataka
91,84,52,29.14827211,78.71024836,6.390741836,117.536781,banana,Perennial,clay,Uttar Pradesh
80,90,47,26.59743595,79.35898915,6.21084479,107.3944717,banana,Perennial,sandy,Punjab
101,70,48,25.36059237,75.03193255,6.012696655,116.5531455,banana,Perennial,loamy,Uttar Pradesh
108,89,53,29.12036889,80.18080728,5.908770059,112.3982055,banana,Perennial,loamy,Uttar Pradesh
100,80,52,27.53911354,77.25629897,6.049801781,110.3262123,banana,Perennial,clay,Maharashtra
109,91,53,29.66727337,83.51014178,6.010095853,110.2511102,banana,Perennial,loamy,Uttar Pradesh
82,78,46,25.05802193,84.97323747,5.738678895,110.4408803,banana,Perennial,red,Karnataka
106,70,55,25.86824781,78.52399914,5.74055541,116.3019555,banana,Perennial,red,Tamil Nadu
90,86,52,25.85036988,81.95580471,5.793260262,119.0856171,banana,Perennial,black,Tamil Nadu
83,95,50,26.51682337,77.79913575,5.50947065,108.8547508,banana,Perennial,red,Punjab
119,90,48,28.66725136,79.59242542,5.986442306,118.2583441,banana,Perennial,sandy,Maharashtra
107,72,45,28.14938935,81.54448882,5.790768046,91.40508414,banana,Perennial,black,Maharashtra
116,81,55,26.42313317,83.6995044,5.915546415,95.12322062,banana,Perennial,loamy,Punjab
101,75,50,26.59386409,81.40740301,6.242528278,109.9825551,banana,Perennial,red,Punjab
93,81,50,27.71822477,76.57853189,6.036079266,102.2099836,banana,Perennial,red,Punjab
95,75,45,28.98333432,82.95958244,5.829898502,109.022564,banana,Perennial,clay,Maharashtra
107,71,55,29.42017919,83.96754496,6.088064451,117.229079,banana,Perennial,clay,Uttar Pradesh
83,94,47,27.39872329,81.10523402,6.469370954,112.1355384,banana,Perennial,loamy,Uttar Pradesh
102,73,54,26.4020227,84.41007614,5.720726906,111.0162259,banana,Perennial,clay,Tamil Nadu
86,79,45,27.81251452,82.69285419,5.80766417,99.20961514,banana,Perennial,clay,Maharashtra
117,86,53,25.19640218,83.55829874,5.703381728,115.8586081,banana,Perennial,clay,Maharashtra
111,79,53,28.31193338,75.77363772,6.165001278,119.695765,banana,Perennial,clay,Tamil Nadu
95,74,50,25.90113128,80.47152737,6.002481605,110.10323,banana,Perennial,red,Maharashtra
91,75,55,27.48612983,76.11239849,6.212369363,109.2768851,banana,Perennial,clay,Uttar Pradesh
93,83,46,29.38254012,83.50423735,5.765308943,109.2486647,banana,Perennial,loamy,Uttar Pradesh
92,85,51,29.22118628,81.08183635,5.740764682,108.8616474,banana,Perennial,clay,Punjab
104,80,54,27.09062164,81.33506906,5.879119455,110.1331182,banana,Perennial,clay,Karnataka
103,72,51,26.12643374,81.81365007,6.099478745,104.4812858,banana,Perennial,red,Uttar Pradesh
92,75,45,29.01207743,77.95192527,5.674403359,90.43495443,banana,Perennial,red,Tamil Nadu
93,85,49,27.96799119,79.28625709,5.694243847,119.4765557,banana,Perennial,sandy,Karnataka
120,87,52,28.0764455,76.05522115,5.905494703,118.9923573,banana,Perennial,sandy,Punjab
108,72,46,25.16278237,84.97849241,6.110844721,90.94554618,banana,Perennial,clay,Uttar Pradesh
105,88,54,25.78749808,84.51194224,6.020445317,114.2005455,banana,Perennial,clay,Punjab
98,79,50,25.34119774,84.47321314,6.435917308,91.06493353,banana,Perennial,clay,Karnataka
111,88,55,29.44795403,78.34971537,5.505393833,96.45042585,banana,Perennial,clay,Karnataka
97,74,45,26.47522633,78.51833782,5.677719902,113.1161095,banana,Perennial,loamy,Karnataka
95,82,48,27.39489579,83.31172003,5.719014989,92.78133617,banana,Perennial,red,Maharashtra
89,91,55,25.08347445,80.261731,6.275572298,94.32961456,banana,Perennial,black,Punjab
89,85,55,26.6719835,76.48541655,6.275384607,91.73358569,banana,Perennial,loamy,Punjab
118,88,51,25.44926208,79.49221962,6.201911642,100.6619171,banana,Perennial,red,Maharashtra
101,92,45,28.22776705,80.6430384,5.758054257,98.00403016,banana,Perennial,loamy,Punjab
99,92,47,28.1279509,77.48247073,6.323933647,103.5045395,banana,Perennial,black,Punjab
82,77,46,28.9470467,82.1888998,5.901100841,95.83016448,banana,Perennial,black,Uttar Pradesh
90,86,55,27.96236771,84.15403614,5.644486582,97.55986676,banana,Perennial,clay,Punjab
95,88,52,28.00316034,78.90085998,6.235461772,94.68180316,banana,Perennial,clay,Uttar Pradesh
104,73,46,29.1400919,80.1190228,6.28236237,90.45142867,banana,Perennial,sandy,Karnataka
102,73,52,27.9122104,83.36307683,6.356090905,90.24211529,banana,Perennial,sandy,Tamil Nadu
100,74,52,25.43480512,81.53977797,5.837258235,96.47800391,banana,Perennial,red,Tamil Nadu
94,89,48,28.55980972,84.51602322,5.653437902,111.0843029,banana,Perennial,clay,Karnataka
99,70,46,26.59580783,82.99556744,5.727469947,100.5123341,banana,Perennial,clay,Maharashtra
112,87,48,27.19711623,77.3970629,6.200111068,99.46950465,banana,Perennial,sandy,Tamil Nadu
117,82,45,25.29391516,79.29122198,5.614471478,105.4220251,banana,Perennial,clay,Punjab
96,86,51,29.90888522,76.98740841,6.257369799,91.99964712,banana,Perennial,red,Karnataka
113,85,45,27.94972463,76.63713353,6.037430836,109.0921631,banana,Perennial,sandy,Punjab
105,93,46,25.01018457,78.76260938,5.760457558,108.3690513,banana,Perennial,red,Tamil Nadu
85,89,51,29.21144871,84.70189923,6.158164422,108.5501443,banana,Perennial,black,Maharashtra
108,94,47,27.35911627,84.54625006,6.387431383,90.81250457,banana,Perennial,clay,Uttar Pradesh
92,81,52,28.0106804,76.52808057,5.891413895,103.7040783,banana,Perennial,clay,Tamil Nadu
110,71,54,28.67208915,82.20793613,5.725418961,94.37987496,banana,Perennial,black,Karnataka
82,75,55,27.34585147,78.4873835,6.281069505,92.15524332,banana,Perennial,black,Karnataka
117,81,53,29.50704598,78.20585613,5.507641778,98.12565829,banana,Perennial,sandy,Karnataka
2,40,27,29.73770045,47.54885174,5.954626604,90.09586854,mango,Perennial,clay,Uttar Pradesh
39,24,31,33.55695561,53.72979826,4.757114897,98.67527561,mango,Perennial,sandy,Karnataka
21,26,27,27.00315545,47.67525434,5.699586972,95.85118326,mango,Perennial,red,Karnataka
25,22,25,33.56150184,45.53556603,5.977413803,95.70525913,mango,Perennial,loamy,Punjab
0,21,32,35.89855625,54.25964196,6.430139436,92.19721736,mango,Perennial,sandy,Tamil Nadu
20,19,35,34.17719782,50.62161586,6.113935087,98.00687989,mango,Perennial,clay,Tamil Nadu
19,21,34,30.01592643,53.19212381,5.074272692,97.72843182,mango,Perennial,clay,Karnataka
18,17,31,31.74592134,45.16127859,5.667507706,93.75441586,mango,Perennial,black,Karnataka
11,36,33,35.99009679,52.22780489,5.978634285,95.3713484,mango,Perennial,clay,Maharashtra
30,28,30,31.86641378,52.19331595,5.064613314,98.46768642,mango,Perennial,sandy,Maharashtra
18,19,27,27.75518664,52.34605806,4.772385986,94.11213345,mango,Perennial,clay,Tamil Nadu
23,23,27,34.72413192,51.4271781,5.161148592,97.31258083,mango,Perennial,clay,Karnataka
37,30,34,27.53907547,53.63549533,6.797779227,99.35408185,mango,Perennial,loamy,Karnataka
11,27,30,27.69637763,48.5622488,6.39474303,89.85646496,mango,Perennial,clay,Karnataka
12,19,31,27.25373364,52.66319725,5.566704378,91.87312479,mango,Perennial,sandy,Uttar Pradesh
3,28,33,30.33723921,48.88704844,5.755049971,94.42850522,mango,Perennial,red,Tamil Nadu
37,38,32,31.85744939,45.53106268,5.417340525,91.55845821,mango,Perennial,sandy,Uttar Pradesh
26,37,30,35.39986338,49.45962621,6.166173834,97.41054011,mango,Perennial,clay,Tamil Nadu
14,18,30,29.80747243,52.13797867,5.191265116,95.74606104,mango,Perennial,black,Tamil Nadu
40,16,35,34.16438906,54.16482251,4.954739564,98.33351125,mango,Perennial,red,Karnataka
4,20,25,28.93270187,47.94053996,5.664587011,99.9834242,mango,Perennial,black,Tamil Nadu
36,25,33,27.98392787,53.33018851,5.548584852,99.61465679,mango,Perennial,sandy,Karnataka
30,17,31,31.20478173,54.49960506,6.804437106,94.62954663,mango,Perennial,sandy,Uttar Pradesh
28,37,28,32.13409675,50.52559148,6.097869767,98.63333684,mango,Perennial,clay,Karnataka
38,15,30,28.91862016,48.13974548,5.075504537,97.01331604,mango,Perennial,red,Uttar Pradesh
12,37,30,31.09779147,47.41196659,4.546466109,90.28624348,mango,Perennial,clay,Karnataka
38,19,31,34.73823882,49.08864345,5.855119268,90.65022183,mango,Perennial,black,Karnataka
8,33,29,29.98080499,49.48613279,6.442393461,91.82271568,mango,Perennial,red,Tamil Nadu
15,27,28,33.80398664,46.12866113,4.507523551,90.82549241,mango,Perennial,sandy,Karnataka
34,16,25,30.07202564,50.96040505,6.10729559,92.09609766,mango,Perennial,clay,Punjab
11,36,31,27.92063282,51.77965917,6.47544932,100.2585673,mango,Perennial,sandy,Punjab
33,29,34,31.40948821,49.21729127,6.832979509,92.99739415,mango,Perennial,black,Maharashtra
12,31,26,35.7877738,51.94190321,5.395275719,100.2160615,mango,Perennial,clay,Uttar Pradesh
12,34,28,33.36140093,45.02236377,6.13526938,98.81596545,mango,Perennial,loamy,Maharashtra
5,16,31,35.96054636,48.69677802,4.555688532,98.00644238,mango,Perennial,black,Karnataka
1,30,29,28.33333307,51.39586505,6.434197756,91.67241761,mango,Perennial,sandy,Karnataka
16,35,31,32.27652024,50.19368841,5.316875978,95.99487068,mango,Perennial,clay,Uttar Pradesh
35,18,26,31.99490489,50.84881347,5.279388967,97.38741498,mango,Perennial,black,Karnataka
4,40,26,27.58258929,48.56916221,6.720041791,95.8445641,mango,Perennial,red,Tamil Nadu
9,29,34,29.38471637,45.88744691,5.72742254,100.8124659,mango,Perennial,clay,Maharashtra
2,38,33,32.38697531,53.2328243,4.691396195,90.21633216,mango,Perennial,sandy,Punjab
26,32,32,30.91471455,49.92963856,6.810186079,90.14047759,mango,Perennial,loamy,Tamil Nadu
34,38,31,35.37775595,45.58110023,6.454045329,97.41586402,mango,Perennial,red,Punjab
5,32,33,32.32362177,52.5896771,5.842763773,93.36718816,mango,Perennial,black,Punjab
31,29,26,28.22373428,47.40519056,5.024124684,97.76832322,mango,Perennial,red,Punjab
34,34,35,27.27433181,47.16808054,6.422710539,95.257992,mango,Perennial,clay,Maharashtra
36,19,32,27.10710832,50.70880979,4.94295037,92.37238878,mango,Perennial,black,Uttar Pradesh
7,17,26,34.89226666,48.75613373,6.414526606,91.63074547,mango,Perennial,loamy,Punjab
38,15,27,33.7462686,48.50387598,6.777788126,92.26439205,mango,Perennial,red,Tamil Nadu
5,19,25,27.3511056,54.43945147,6.441328044,96.27792547,mango,Perennial,red,Uttar Pradesh
37,36,26,32.89300162,52.61323969,4.650536197,94.49161372,mango,Perennial,black,Punjab
21,31,32,35.38598705,51.42664176,5.254532213,90.29643888,mango,Perennial,clay,Karnataka
37,36,27,27.5529736,47.90859131,5.910634533,90.40332704,mango,Perennial,sandy,Uttar Pradesh
23,23,30,32.82141065,47.45553843,4.755273631,90.89173106,mango,Perennial,sandy,Maharashtra
36,26,26,30.17294105,51.0845903,6.814630246,95.23444287,mango,Perennial,loamy,Maharashtra
24,33,35,29.26382931,54.82257868,5.342866119,100.7586226,mango,Perennial,sandy,Punjab
26,18,30,32.06097197,51.08494181,6.336234624,96.59816497,mango,Perennial,loamy,Karnataka
22,17,26,28.69818144,47.71875722,4.754435025,99.642454,mango,Perennial,clay,Punjab
11,34,32,29.14305008,49.40983294,6.831706773,97.55155537,mango,Perennial,red,Karnataka
29,35,28,28.3471611,53.53903102,6.967417766,90.40260445,mango,Perennial,clay,Punjab
22,28,26,27.67256197,45.41692012,4.947683034,92.84991507,mango,Perennial,loamy,Uttar Pradesh
23,24,32,28.1218093,46.16888595,5.630619901,93.30247448,mango,Perennial,sandy,Uttar Pradesh
1,35,34,30.79375683,46.69536813,6.27339822,92.21318555,mango,Perennial,clay,Maharashtra
2,24,34,28.89409382,54.80750249,6.472774648,94.76322976,mango,Perennial,clay,Uttar Pradesh
39,37,25,33.33024826,45.61143594,6.953246506,98.28583013,mango,Perennial,loamy,Karnataka
15,36,27,27.78912455,53.96886679,5.643710216,91.01152997,mango,Perennial,sandy,Karnataka
3,18,31,31.65333432,48.20662669,6.392313973,91.09745581,mango,Perennial,clay,Tamil Nadu
8,38,32,29.75150773,46.73723302,4.981816523,91.405983,mango,Perennial,clay,Uttar Pradesh
33,31,34,31.32995611,50.22287593,5.421265283,89.78216168,mango,Perennial,sandy,Maharashtra
14,29,32,35.63627319,48.97047762,6.942520105,97.51952041,mango,Perennial,black,Karnataka
18,20,26,31.66524687,51.98594645,5.435840509,89.98024312,mango,Perennial,black,Karnataka
9,21,32,32.26935342,53.56092806,5.870116071,95.94035356,mango,Perennial,loamy,Karnataka
20,30,27,27.81005614,51.59445462,4.74910393,95.89898581,mango,Perennial,sandy,Karnataka
9,38,25,34.58561471,50.34035336,5.497946899,100.3060719,mango,Perennial,red,Karnataka
26,24,34,31.27180992,52.23810152,6.811291098,89.74409017,mango,Perennial,clay,Maharashtra
31,36,29,33.93679864,52.72170281,6.460542749,97.4611918,mango,Perennial,sandy,Uttar Pradesh
14,18,35,31.09154239,47.02058367,4.791146778,91.46664318,mango,Perennial,black,Uttar Pradesh
40,16,35,31.89356292,49.02450149,6.4841522,89.59371481,mango,Perennial,sandy,Punjab
28,27,34,32.45465292,50.69693751,6.526654345,95.04871605,mango,Perennial,black,Punjab
0,17,30,35.47478322,47.97230503,6.279133738,97.79072474,mango,Perennial,red,Tamil Nadu
1,29,29,27.32961444,49.30347234,6.052026047,93.53197359,mango,Perennial,clay,Tamil Nadu
2,36,31,30.90225239,49.95955487,5.73171945,91.77522598,mango,Perennial,clay,Karnataka
12,27,26,29.09382275,45.5661059,5.32307197,96.23520043,mango,Perennial,loamy,Uttar Pradesh
7,28,35,30.02086169,46.78393776,4.66910839,96.63721027,mango,Perennial,clay,Karnataka
0,36,26,34.13072188,51.25786185,5.101206389,96.38808001,mango,Perennial,black,Maharashtra
26,35,31,33.44619894,53.05980465,5.339556562,98.05089394,mango,Perennial,sandy,Maharashtra
27,21,30,35.3915464,52.48823147,5.061081874,91.22881052,mango,Perennial,loamy,Karnataka
22,38,31,31.53356352,53.06009323,5.821106036,98.57025046,mango,Perennial,black,Punjab
22,18,31,30.7645515,47.93791463,5.956027059,90.38503469,mango,Perennial,sandy,Karnataka
28,23,28,30.01821337,50.0983181,5.676032581,96.08745082,mango,Perennial,black,Karnataka
7,31,27,31.32863689,47.59319575,6.524114355,94.67344737,mango,Perennial,black,Tamil Nadu
29,34,26,33.88004781,54.39416048,6.273953676,89.29147581,mango,Perennial,clay,Karnataka
8,37,33,28.07802689,54.9640534,6.128167757,97.45373619,mango,Perennial,red,Uttar Pradesh
39,16,27,35.53845018,52.94641947,4.934964765,91.54560427,mango,Perennial,black,Uttar Pradesh
40,24,25,28.70595247,50.44030129,5.445008416,95.8946444,mango,Perennial,red,Maharashtra
19,38,26,31.48451729,48.77926304,4.525722333,93.17221967,mango,Perennial,sandy,Uttar Pradesh
21,21,30,27.69819273,51.41593238,5.403908328,100.7720705,mango,Perennial,black,Karnataka
22,18,33,30.41235793,52.48100602,6.621623545,93.92375879,mango,Perennial,black,Uttar Pradesh
31,20,30,32.17752026,54.01352682,6.207495815,91.88766069,mango,Perennial,red,Punjab
18,26,31,32.6112614,47.74916499,5.418475257,91.10190759,mango,Perennial,loamy,Maharashtra
24,130,195,29.99677232,81.54156612,6.112305667,67.12534492,grapes,Perennial,red,Uttar Pradesh
13,144,204,30.7280404,82.42614055,6.092241627,68.38135469,grapes,Perennial,clay,Maharashtra
22,123,205,32.44577836,83.88504863,5.896343436,68.73932528,grapes,Perennial,loamy,Maharashtra
36,125,196,37.46566825,80.65968681,6.15526103,66.83872293,grapes,Perennial,black,Tamil Nadu
24,131,196,22.03296178,83.74372787,5.732453638,65.34440794,grapes,Perennial,loamy,Tamil Nadu
2,123,198,39.64851881,82.21079946,6.253034534,70.39906054,grapes,Perennial,loamy,Uttar Pradesh
35,140,197,16.77557314,82.75241875,6.106190557,66.76285469,grapes,Perennial,sandy,Maharashtra
11,122,195,12.14190714,83.56812483,5.647202395,69.63122027,grapes,Perennial,black,Tamil Nadu
6,123,203,12.7567962,81.62497448,6.130310493,66.77844567,grapes,Perennial,clay,Punjab
17,134,204,39.04071989,80.18393287,6.499604931,73.88467027,grapes,Perennial,loamy,Uttar Pradesh
25,130,197,39.70772192,82.68593454,5.554831977,74.91506217,grapes,Perennial,clay,Punjab
27,145,205,9.467960445,82.29335466,5.800242694,66.02765219,grapes,Perennial,clay,Maharashtra
9,122,201,29.58748357,80.91934392,5.570290539,68.06417307,grapes,Perennial,black,Tamil Nadu
16,139,203,17.82803682,80.96093443,6.27564088,65.84748763,grapes,Perennial,red,Uttar Pradesh
32,141,204,8.825674745,82.89753705,5.536645599,67.235765,grapes,Perennial,red,Maharashtra
22,138,195,27.83487131,83.51444973,6.208196881,73.02882766,grapes,Perennial,loamy,Maharashtra
31,144,202,11.02105378,80.55557235,5.870600622,68.23963161,grapes,Perennial,clay,Karnataka
3,136,205,17.5862944,80.84806564,6.334771461,71.4065452,grapes,Perennial,red,Maharashtra
28,122,197,19.89363946,82.73366439,5.856575335,69.66256816,grapes,Perennial,black,Maharashtra
4,136,204,29.93707596,81.77713468,5.898944282,65.52279323,grapes,Perennial,sandy,Uttar Pradesh
39,145,201,36.73126647,80.58931938,5.775600435,72.24230804,grapes,Perennial,black,Maharashtra
38,132,197,20.42094753,81.54185044,5.931101816,66.93065667,grapes,Perennial,black,Maharashtra
36,133,198,25.51939719,83.98351748,6.2286454,69.17281221,grapes,Perennial,clay,Maharashtra
25,121,201,30.50734778,82.71775569,5.594240603,70.08200379,grapes,Perennial,loamy,Maharashtra
15,125,199,18.4269936,80.55625868,5.569230319,69.75734306,grapes,Perennial,sandy,Maharashtra
24,140,205,12.087022,83.59398734,5.93202852,68.66813363,grapes,Perennial,red,Tamil Nadu
13,132,203,23.60115364,82.48336987,6.423216506,73.23901752,grapes,Perennial,red,Tamil Nadu
5,126,197,12.80000387,81.20876367,6.417500829,67.10439401,grapes,Perennial,red,Tamil Nadu
30,120,200,38.06099482,82.24729637,6.234904253,65.70148216,grapes,Perennial,sandy,Maharashtra
23,142,197,39.06555518,82.03812973,6.000573725,69.30772897,grapes,Perennial,loamy,Karnataka
26,135,203,33.78372897,81.16314317,5.685102769,74.53557341,grapes,Perennial,red,Karnataka
7,126,203,16.76201707,82.00335557,5.662140095,73.28712806,grapes,Perennial,sandy,Tamil Nadu
32,139,198,35.89307536,82.66850729,6.358186848,66.53946559,grapes,Perennial,red,Karnataka
9,141,202,21.01245395,81.17931863,6.119495295,66.38448261,grapes,Perennial,clay,Maharashtra
20,142,196,10.89875873,80.01639435,6.207600783,68.69420397,grapes,Perennial,loamy,Tamil Nadu
32,129,201,16.36251869,83.00471609,6.48754639,71.55665483,grapes,Perennial,loamy,Uttar Pradesh
3,134,199,20.28370163,81.32235739,5.81717753,71.06611222,grapes,Perennial,red,Punjab
38,138,204,25.11108456,83.25447587,6.325480034,73.01026829,grapes,Perennial,clay,Tamil Nadu
14,131,198,33.4641162,83.86742974,5.562790949,67.92204319,grapes,Perennial,sandy,Karnataka
20,122,204,11.7976469,80.86325389,6.487369687,65.06962486,grapes,Perennial,loamy,Karnataka
40,126,201,11.36300891,80.03100049,6.116982944,71.18289431,grapes,Perennial,red,Uttar Pradesh
36,128,204,25.23542319,80.68700527,5.695792761,67.03840888,grapes,Perennial,clay,Maharashtra
11,132,197,15.99050693,81.23966573,5.734317007,74.40198861,grapes,Perennial,sandy,Maharashtra
0,137,195,22.4359017,80.18612085,6.329499832,65.3973168,grapes,Perennial,loamy,Tamil Nadu
19,123,200,34.76086052,81.03544763,6.167013532,65.70430027,grapes,Perennial,clay,Punjab
31,136,197,31.11047251,83.34010951,5.653776058,71.43001582,grapes,Perennial,sandy,Karnataka
4,134,200,28.57828803,80.95628959,5.840256272,73.34232097,grapes,Perennial,sandy,Punjab
39,139,201,41.18664903,81.01783402,5.539980812,68.68895899,grapes,Perennial,black,Karnataka
8,127,196,27.02766138,83.17093908,5.833302165,70.95666003,grapes,Perennial,sandy,Maharashtra
39,138,203,21.19339319,82.33098331,6.399433771,74.62834921,grapes,Perennial,black,Uttar Pradesh
32,120,204,10.38004759,83.44518113,6.138958698,67.3917379,grapes,Perennial,red,Tamil Nadu
12,142,203,31.3115978,82.56407013,5.972850838,65.01095312,grapes,Perennial,loamy,Punjab
8,133,195,20.46657776,80.97598029,6.456079585,71.29813872,grapes,Perennial,black,Uttar Pradesh
8,139,199,29.36947679,81.53996362,6.336426667,66.13442813,grapes,Perennial,red,Punjab
21,134,202,10.72302459,80.02130636,6.425419926,65.2982112,grapes,Perennial,clay,Tamil Nadu
40,140,195,14.97846952,80.49979873,6.294395676,71.63437433,grapes,Perennial,loamy,Tamil Nadu
39,127,202,15.3246651,81.67215994,6.477768039,71.60102999,grapes,Perennial,sandy,Tamil Nadu
19,120,195,18.73932187,81.12109244,5.931538447,73.55807954,grapes,Perennial,sandy,Punjab
21,139,201,19.3642553,83.36094029,5.980598579,67.15094741,grapes,Perennial,sandy,Karnataka
17,136,195,41.20733624,81.61051026,6.389783283,65.90227462,grapes,Perennial,black,Punjab
33,139,203,33.34214482,82.51034633,5.693287415,70.68098614,grapes,Perennial,red,Karnataka
22,133,201,23.81995682,80.12211649,6.00299607,67.2739864,grapes,Perennial,clay,Karnataka
32,130,196,40.66012294,81.24995984,6.372959542,74.03030056,grapes,Perennial,black,Maharashtra
37,135,205,11.82768186,80.2827185,5.510924849,74.10225057,grapes,Perennial,clay,Tamil Nadu
15,140,195,13.28504331,83.54193816,5.69945282,65.80006004,grapes,Perennial,sandy,Tamil Nadu
39,132,196,35.83089092,83.32560104,5.778594403,73.67984885,grapes,Perennial,sandy,Karnataka
40,121,199,26.18159716,81.03886263,6.315586313,66.05911698,grapes,Perennial,red,Uttar Pradesh
40,132,202,24.57558351,80.70695797,5.971813006,69.706113,grapes,Perennial,clay,Maharashtra
29,142,203,29.67229086,83.71498986,5.891195653,66.48490371,grapes,Perennial,loamy,Maharashtra
32,121,199,39.37102553,81.25353895,6.129812716,74.08101744,grapes,Perennial,clay,Maharashtra
6,140,205,17.66558428,82.92903419,6.313085601,69.8671263,grapes,Perennial,sandy,Punjab
8,120,196,24.06679352,82.66396666,6.053662544,69.81855775,grapes,Perennial,black,Maharashtra
34,133,202,15.31413469,80.09711412,5.804799142,74.82144653,grapes,Perennial,sandy,Karnataka
35,135,199,21.77466746,80.54942557,6.400719746,69.39630398,grapes,Perennial,black,Punjab
16,145,199,26.91624843,80.76838926,5.953966361,69.30927185,grapes,Perennial,sandy,Karnataka
8,136,201,41.65602996,82.22118237,5.609255992,74.19664838,grapes,Perennial,red,Tamil Nadu
25,129,195,17.98667801,81.17712085,5.777271492,72.37127689,grapes,Perennial,red,Maharashtra
16,130,201,29.12033769,82.79092939,5.682395429,68.8503047,grapes,Perennial,black,Punjab
39,129,203,34.38922481,83.18392806,5.863996687,71.03001556,grapes,Perennial,loamy,Tamil Nadu
38,135,203,41.36106301,82.79782954,6.444373116,69.92107482,grapes,Perennial,sandy,Karnataka
33,120,205,35.12158265,82.26890793,5.550832178,69.71518491,grapes,Perennial,sandy,Karnataka
35,125,204,19.6491772,80.15215777,6.107741788,73.69529586,grapes,Perennial,loamy,Maharashtra
1,132,200,16.27852801,82.94270065,5.620745638,66.57462809,grapes,Perennial,red,Tamil Nadu
39,140,203,21.11903604,80.63399198,6.349875906,69.27779761,grapes,Perennial,sandy,Maharashtra
28,145,202,19.2077707,82.9042841,6.484323189,66.83113717,grapes,Perennial,clay,Maharashtra
6,128,200,25.96308415,82.57813624,5.838748311,70.31782647,grapes,Perennial,red,Karnataka
6,139,199,25.67385024,81.6212135,6.29099842,74.10919422,grapes,Perennial,red,Tamil Nadu
29,122,196,41.94865736,81.15595212,5.638328481,73.06862952,grapes,Perennial,clay,Tamil Nadu
37,144,197,11.18994268,80.8084305,6.415555956,66.34234944,grapes,Perennial,sandy,Tamil Nadu
38,120,197,17.5438296,82.94703302,6.323722572,73.77063744,grapes,Perennial,clay,Maharashtra
38,141,198,13.05809741,80.28297993,5.757009965,70.75633584,grapes,Perennial,clay,Punjab
14,121,203,9.724457611,83.74765639,6.158689406,74.46411148,grapes,Perennial,black,Tamil Nadu
6,125,204,27.92004934,82.93262435,5.733539807,69.92092839,grapes,Perennial,loamy,Karnataka
32,138,197,9.535585543,80.73112694,5.908724337,69.44115171,grapes,Perennial,red,Uttar Pradesh
11,124,204,13.42988625,80.06633966,6.361141107,71.40043037,grapes,Perennial,sandy,Karnataka
23,138,200,9.851242629,80.22631717,5.96537863,68.42802444,grapes,Perennial,red,Maharashtra
40,143,201,24.97256132,82.72828653,6.476757723,66.70016285,grapes,Perennial,sandy,Punjab
6,142,202,27.23708304,82.94573346,6.224542938,70.42508897,grapes,Perennial,black,Punjab
37,124,195,18.70679077,83.4795292,6.209928251,66.5964488,grapes,Perennial,red,Tamil Nadu
35,134,204,9.949929082,82.55138983,5.841138354,66.00817551,grapes,Perennial,clay,Tamil Nadu
119,25,51,26.47330219,80.92254421,6.283818329,53.65742581,watermelon,Perennial,loamy,Maharashtra
119,19,55,25.18780042,83.44621709,6.818261383,46.87420883,watermelon,Perennial,loamy,Punjab
105,30,50,25.29954705,81.77527562,6.37620108,57.04147057,watermelon,Perennial,sandy,Punjab
114,8,50,24.74631269,88.30866319,6.581587932,57.95826144,watermelon,Perennial,loamy,Karnataka
93,22,52,26.58740671,81.32563243,6.932739726,41.87540028,watermelon,Perennial,loamy,Punjab
80,26,55,24.53442564,88.989272,6.140099215,49.11618732,watermelon,Perennial,black,Karnataka
85,27,45,26.0713757,88.7285657,6.467095849,57.79652846,watermelon,Perennial,sandy,Punjab
85,22,53,25.96534238,89.77076659,6.849471704,59.46338556,watermelon,Perennial,loamy,Karnataka
82,22,45,26.22338015,85.34866045,6.512196212,54.60159289,watermelon,Perennial,sandy,Karnataka
118,13,54,24.41311871,89.81574032,6.039584629,44.07843475,watermelon,Perennial,black,Uttar Pradesh
83,25,53,26.49195283,80.04678201,6.057697106,57.72799157,watermelon,Perennial,black,Punjab
86,15,47,24.04355803,84.18406764,6.423898762,53.78929956,watermelon,Perennial,sandy,Maharashtra
101,10,47,25.5421695,83.31883376,6.936997681,57.57343233,watermelon,Perennial,red,Tamil Nadu
119,9,50,26.74550678,83.9195902,6.251286661,40.794305,watermelon,Perennial,sandy,Maharashtra
104,17,46,25.7131428,80.22972777,6.190015912,43.08961827,watermelon,Perennial,loamy,Punjab
95,12,51,25.76484262,84.1726996,6.681606702,44.22066914,watermelon,Perennial,sandy,Maharashtra
102,14,52,26.79489868,89.64815231,6.51075991,57.74091817,watermelon,Perennial,sandy,Tamil Nadu
109,21,55,24.9004602,89.73524177,6.770278088,57.44942094,watermelon,Perennial,sandy,Punjab
81,18,50,26.80750629,88.22874955,6.429788073,58.79889057,watermelon,Perennial,red,Maharashtra
103,17,51,25.11189154,80.02621335,6.209888345,44.20656987,watermelon,Perennial,clay,Tamil Nadu
105,14,50,26.2148837,87.6883982,6.419052193,59.65590798,watermelon,Perennial,black,Uttar Pradesh
97,8,52,24.9103226,86.97190046,6.237861736,49.48575692,watermelon,Perennial,clay,Karnataka
120,19,49,25.79448878,84.26830701,6.762471629,56.45229202,watermelon,Perennial,red,Maharashtra
95,16,55,25.26931156,87.55055105,6.612847999,40.12650421,watermelon,Perennial,clay,Karnataka
83,29,52,25.76402693,87.5931128,6.704688865,46.05122728,watermelon,Perennial,sandy,Maharashtra
83,9,45,25.85483596,89.13163965,6.049609892,46.85176955,watermelon,Perennial,loamy,Maharashtra
91,21,50,24.33528185,81.44030363,6.762030215,48.32113628,watermelon,Perennial,black,Maharashtra
116,5,54,25.37601283,80.99313508,6.65398725,57.23028471,watermelon,Perennial,clay,Karnataka
112,28,54,24.86094646,85.05318563,6.738030547,55.29563514,watermelon,Perennial,clay,Tamil Nadu
88,29,51,24.71885473,88.94568335,6.095689937,48.45978627,watermelon,Perennial,clay,Punjab
118,15,45,24.21495706,84.20576992,6.538006356,48.01138482,watermelon,Perennial,loamy,Punjab
92,21,48,25.81692236,82.043255,6.377427122,54.82963379,watermelon,Perennial,red,Tamil Nadu
106,14,45,24.47018505,84.16390229,6.417011754,57.26773002,watermelon,Perennial,clay,Punjab
99,5,47,24.13078816,84.84494575,6.649086972,51.19470197,watermelon,Perennial,sandy,Punjab
98,8,51,26.1793464,86.52258079,6.25933595,49.43050977,watermelon,Perennial,clay,Karnataka
108,22,46,26.17668721,86.7295205,6.121168559,53.33484977,watermelon,Perennial,black,Maharashtra
119,7,55,26.03867719,84.6378378,6.031424482,44.3993381,watermelon,Perennial,sandy,Uttar Pradesh
117,27,48,26.53259325,82.39053979,6.835268184,54.30660782,watermelon,Perennial,clay,Karnataka
109,10,53,26.81938687,87.8274604,6.551750306,46.06193778,watermelon,Perennial,red,Uttar Pradesh
80,16,46,25.50405534,81.40297428,6.940236218,48.47833278,watermelon,Perennial,sandy,Karnataka
100,18,52,26.20234499,80.38266489,6.87606733,56.47941847,watermelon,Perennial,black,Maharashtra
91,7,53,25.13735887,89.28272716,6.457216535,43.52897517,watermelon,Perennial,sandy,Uttar Pradesh
86,6,53,25.92030221,83.47202566,6.921847888,42.10681516,watermelon,Perennial,clay,Uttar Pradesh
107,5,52,26.6634609,89.98405233,6.881425746,57.40847165,watermelon,Perennial,clay,Punjab
103,16,49,24.06731461,81.64075303,6.915717008,51.75212401,watermelon,Perennial,loamy,Maharashtra
101,20,48,24.6774157,82.75411437,6.206247494,57.05709413,watermelon,Perennial,clay,Karnataka
85,25,47,26.11440416,87.64081095,6.29542477,58.48160844,watermelon,Perennial,sandy,Karnataka
84,7,51,26.81530456,87.65694462,6.399669044,55.74073582,watermelon,Perennial,clay,Karnataka
102,28,54,25.15623099,80.27525115,6.862157042,55.49541453,watermelon,Perennial,loamy,Uttar Pradesh
98,25,52,25.2801372,83.15393658,6.224066378,49.29456609,watermelon,Perennial,clay,Karnataka
97,25,50,26.22005978,80.90127035,6.093814669,49.08553937,watermelon,Perennial,black,Karnataka
90,16,45,24.92093261,80.61750795,6.291540278,50.55710813,watermelon,Perennial,red,Karnataka
95,12,46,26.21667586,81.01009354,6.32281728,54.65423596,watermelon,Perennial,black,Karnataka
82,23,49,26.81383586,87.21986949,6.873283991,51.70497792,watermelon,Perennial,loamy,Karnataka
82,25,51,24.31334971,87.47409052,6.074209622,48.11248366,watermelon,Perennial,black,Tamil Nadu
110,28,46,24.29105004,88.04541346,6.49889585,51.26046418,watermelon,Perennial,red,Punjab
118,21,51,24.42998931,86.33904774,6.678805092,48.58241822,watermelon,Perennial,clay,Karnataka
120,20,45,25.66576039,88.6984228,6.114128685,54.22722466,watermelon,Perennial,loamy,Punjab
91,7,52,25.07803672,83.46230461,6.405054243,56.39962921,watermelon,Perennial,sandy,Karnataka
81,6,55,24.88910524,85.87059083,6.110142735,51.70699144,watermelon,Perennial,black,Uttar Pradesh
101,13,54,25.42900869,82.91481799,6.828982708,56.34144589,watermelon,Perennial,loamy,Maharashtra
101,17,55,24.37118217,87.1269128,6.451499764,44.63907691,watermelon,Perennial,black,Uttar Pradesh
111,6,53,26.4930645,88.59143088,6.313512999,46.06382209,watermelon,Perennial,black,Uttar Pradesh
107,10,49,25.83202912,89.00481725,6.755192025,45.24690619,watermelon,Perennial,clay,Uttar Pradesh
115,11,46,24.41592661,89.39655519,6.623167177,40.32161859,watermelon,Perennial,clay,Uttar Pradesh
84,25,52,24.37190239,81.2514818,6.12532356,44.20899581,watermelon,Perennial,clay,Uttar Pradesh
120,7,47,24.24782473,83.03687902,6.653867608,54.7657624,watermelon,Perennial,black,Maharashtra
91,12,46,24.64458469,85.49938185,6.343942518,48.31219031,watermelon,Perennial,clay,Tamil Nadu
89,22,52,24.89681131,86.10782926,6.217300786,53.14626213,watermelon,Perennial,loamy,Karnataka
113,19,46,25.41864024,81.12122989,6.286387658,49.52320689,watermelon,Perennial,clay,Karnataka
97,22,50,26.26028739,86.14585891,6.7698938,58.97878791,watermelon,Perennial,sandy,Maharashtra
117,30,50,24.90123934,87.20772913,6.744966312,46.59207341,watermelon,Perennial,clay,Tamil Nadu
90,14,52,24.84740848,89.20454622,6.391858432,59.67927244,watermelon,Perennial,black,Karnataka
104,23,47,26.98212846,86.70068316,6.770434148,42.91292205,watermelon,Perennial,red,Karnataka
81,16,45,26.90435747,86.25426228,6.727468157,59.75980023,watermelon,Perennial,red,Maharashtra
88,5,47,25.86475496,86.67468041,6.662244646,41.16554802,watermelon,Perennial,black,Uttar Pradesh
92,7,45,26.70607759,81.14149505,6.944640222,51.51033554,watermelon,Perennial,red,Punjab
81,18,50,26.44019475,80.91934337,6.507110986,47.81847573,watermelon,Perennial,loamy,Maharashtra
111,5,55,26.283443,84.42478917,6.520663422,50.78669728,watermelon,Perennial,red,Punjab
108,23,51,26.84366082,83.85039964,6.106500787,40.228644,watermelon,Perennial,clay,Maharashtra
113,30,50,26.03967219,83.9862443,6.277484043,43.87712348,watermelon,Perennial,black,Maharashtra
83,10,53,24.92994759,85.00802358,6.195142279,48.75859458,watermelon,Perennial,red,Punjab
101,11,51,25.50736962,84.24340241,6.792035575,44.2068997,watermelon,Perennial,clay,Maharashtra
114,21,55,25.4438391,87.9392312,6.472756256,57.51549686,watermelon,Perennial,red,Tamil Nadu
99,6,45,26.12588914,86.5507939,6.000975617,40.71210074,watermelon,Perennial,loamy,Punjab
92,20,55,25.10474753,87.5267616,6.587791262,59.26519444,watermelon,Perennial,loamy,Uttar Pradesh
92,7,48,26.27520631,86.63249555,6.956508826,54.38748495,watermelon,Perennial,loamy,Maharashtra
91,24,55,26.27061608,83.09194521,6.259086583,46.76837499,watermelon,Perennial,sandy,Punjab
110,21,54,26.73690828,87.82430156,6.747537642,47.46447019,watermelon,Perennial,sandy,Uttar Pradesh
112,25,51,25.04746944,85.5667282,6.932537231,56.72496677,watermelon,Perennial,clay,Karnataka
89,25,54,24.69368934,85.56967628,6.353107393,48.99390828,watermelon,Perennial,loamy,Maharashtra
100,10,53,24.54356968,84.60808277,6.211748957,42.00660251,watermelon,Perennial,sandy,Karnataka
83,22,54,25.89762315,81.96664832,6.277245254,54.49960057,watermelon,Perennial,loamy,Tamil Nadu
95,14,50,26.6333118,84.31756844,6.560443519,56.31866159,watermelon,Perennial,loamy,Uttar Pradesh
119,30,49,25.35794749,80.45846265,6.903020221,47.72078245,watermelon,Perennial,loamy,Punjab
97,12,47,25.28784623,89.63667876,6.765094964,58.28697664,watermelon,Perennial,red,Uttar Pradesh
110,7,45,26.63838589,84.69546874,6.189213927,48.32428609,watermelon,Perennial,loamy,Karnataka
96,18,50,25.3310446,84.30533791,6.904241707,41.53218699,watermelon,Perennial,sandy,Karnataka
83,23,55,26.89750174,83.89241484,6.463271076,43.97193745,watermelon,Perennial,black,Maharashtra
120,24,47,26.98603693,89.4138489,6.260838965,58.54876687,watermelon,Perennial,black,Tamil Nadu
115,17,55,27.57826922,94.11878202,6.776533055,28.08253201,muskmelon,Perennial,black,Maharashtra
114,27,48,27.82054812,93.03555162,6.528404378,26.32405487,muskmelon,Perennial,black,Maharashtra
101,25,52,29.09910406,94.22237826,6.750145572,22.52497327,muskmelon,Perennial,loamy,Uttar Pradesh
118,18,52,28.04943594,90.83130708,6.562832807,20.76223014,muskmelon,Perennial,clay,Tamil Nadu
95,26,45,29.91690582,94.55695552,6.117530021,28.16057247,muskmelon,Perennial,sandy,Tamil Nadu
81,25,49,29.86895762,93.25103208,6.076459669,26.26243014,muskmelon,Perennial,red,Tamil Nadu
117,24,53,29.17220859,92.21405224,6.293486295,21.30290472,muskmelon,Perennial,black,Uttar Pradesh
114,30,51,29.24908541,90.06998135,6.069171847,25.93496537,muskmelon,Perennial,loamy,Maharashtra
113,6,52,27.76317235,90.35567642,6.740983646,25.21609113,muskmelon,Perennial,sandy,Uttar Pradesh
108,26,52,28.82629037,94.26765349,6.201797639,26.23838511,muskmelon,Perennial,loamy,Karnataka
81,30,48,28.52379742,92.09688432,6.041027474,29.86681385,muskmelon,Perennial,sandy,Maharashtra
115,9,52,29.06785065,90.97685539,6.019372459,29.1194739,muskmelon,Perennial,black,Maharashtra
83,7,45,29.08417927,90.73891887,6.704104127,25.33014238,muskmelon,Perennial,black,Karnataka
84,21,55,28.47090661,94.79453182,6.494251024,21.08484101,muskmelon,Perennial,black,Punjab
109,26,45,28.27973674,90.38971208,6.224535449,21.58992507,muskmelon,Perennial,clay,Maharashtra
95,27,55,28.47212559,91.21322065,6.160414414,20.88620369,muskmelon,Perennial,clay,Uttar Pradesh
119,5,55,29.68846716,94.30111601,6.168757984,26.83924845,muskmelon,Perennial,clay,Punjab
110,14,51,27.02415146,91.66737633,6.085444691,21.26034986,muskmelon,Perennial,clay,Karnataka
82,18,48,29.09588297,94.16748386,6.159050816,26.70581328,muskmelon,Perennial,red,Tamil Nadu
87,14,48,29.69238699,92.58862544,6.606033244,29.1102594,muskmelon,Perennial,red,Maharashtra
85,9,53,28.20619412,92.86798698,6.447662945,28.78654515,muskmelon,Perennial,clay,Uttar Pradesh
100,6,53,29.05248036,93.92217834,6.105909623,23.66620626,muskmelon,Perennial,loamy,Uttar Pradesh
107,12,46,29.57240298,93.61870344,6.559763394,27.56918621,muskmelon,Perennial,red,Karnataka
91,13,47,29.10968327,92.43510994,6.14410903,27.95602304,muskmelon,Perennial,red,Uttar Pradesh
102,25,50,28.20480805,92.91440379,6.099662369,20.36001144,muskmelon,Perennial,loamy,Uttar Pradesh
117,25,53,29.11858526,92.12543021,6.413927319,24.52020164,muskmelon,Perennial,black,Karnataka
85,21,52,29.62800691,90.10051615,6.075144116,23.69586761,muskmelon,Perennial,red,Maharashtra
104,25,55,29.81196601,90.36881284,6.123802502,22.68766503,muskmelon,Perennial,red,Punjab
102,24,54,27.72338349,90.93897939,6.698468621,22.81863447,muskmelon,Perennial,clay,Tamil Nadu
116,25,50,29.26092798,92.92367701,6.088885814,28.70627683,muskmelon,Perennial,clay,Maharashtra
100,17,48,29.72791119,94.29753295,6.367800632,26.52364146,muskmelon,Perennial,red,Punjab
110,25,54,28.91105641,90.78413842,6.425930938,23.44398467,muskmelon,Perennial,sandy,Tamil Nadu
104,25,51,28.96361426,93.88482153,6.469983276,23.56130173,muskmelon,Perennial,black,Karnataka
107,11,54,28.59052369,91.33617236,6.094016338,29.44008034,muskmelon,Perennial,clay,Karnataka
98,26,52,27.33897716,90.69759008,6.150090899,28.69113835,muskmelon,Perennial,clay,Punjab
88,17,52,29.90415889,90.75284363,6.646962425,25.37828397,muskmelon,Perennial,clay,Tamil Nadu
87,25,46,27.42711692,90.02696201,6.379690748,21.7508774,muskmelon,Perennial,black,Tamil Nadu
120,8,46,29.55657523,90.70937262,6.732834334,28.36535596,muskmelon,Perennial,clay,Tamil Nadu
95,13,46,29.84070774,93.76312893,6.126019932,23.28207838,muskmelon,Perennial,black,Uttar Pradesh
108,22,47,28.53545677,91.72742702,6.161123579,25.1290048,muskmelon,Perennial,black,Punjab
82,13,52,27.11535046,94.86907886,6.442810053,26.51924782,muskmelon,Perennial,clay,Maharashtra
120,23,55,27.84492803,91.60666594,6.732049075,26.47844429,muskmelon,Perennial,black,Tamil Nadu
110,22,47,29.03157242,91.82172592,6.243673725,24.93861254,muskmelon,Perennial,red,Uttar Pradesh
95,23,45,27.82424457,90.56698742,6.266208727,21.19014526,muskmelon,Perennial,black,Karnataka
106,10,49,27.72653142,92.00687531,6.350623739,20.21126747,muskmelon,Perennial,red,Karnataka
99,12,52,28.69708334,94.30759855,6.002927293,22.21807088,muskmelon,Perennial,sandy,Punjab
106,20,51,29.73019662,90.97015715,6.342573112,20.49035619,muskmelon,Perennial,red,Maharashtra
83,11,53,29.54097171,92.91778307,6.163921248,21.9653077,muskmelon,Perennial,black,Tamil Nadu
117,19,55,28.80311922,91.78336933,6.121745389,25.16359891,muskmelon,Perennial,black,Punjab
98,26,49,27.29035669,90.53330091,6.130160473,23.49535234,muskmelon,Perennial,black,Punjab
113,20,48,27.46583649,94.87679041,6.440584681,27.27899847,muskmelon,Perennial,clay,Uttar Pradesh
101,17,47,29.49401389,94.72981338,6.185053234,26.30820876,muskmelon,Perennial,black,Karnataka
98,7,45,27.79161808,92.51054946,6.157724816,26.85422624,muskmelon,Perennial,black,Karnataka
93,22,48,29.12533739,91.52291141,6.776987974,21.90440445,muskmelon,Perennial,red,Tamil Nadu
95,21,47,27.93114233,93.56161439,6.431970877,20.66127836,muskmelon,Perennial,clay,Tamil Nadu
109,12,48,29.45771748,92.12534736,6.708743843,20.76212031,muskmelon,Perennial,clay,Maharashtra
118,12,47,27.96872279,92.17444796,6.010739645,28.94766949,muskmelon,Perennial,loamy,Tamil Nadu
100,14,49,29.48882958,91.07574233,6.365956658,26.01909355,muskmelon,Perennial,red,Karnataka
89,9,47,29.47156259,90.77069618,6.668382766,28.75226067,muskmelon,Perennial,loamy,Tamil Nadu
95,16,46,27.0767265,90.14362622,6.74669542,24.4514648,muskmelon,Perennial,black,Tamil Nadu
95,7,45,27.30008597,90.80015308,6.031665834,25.09484511,muskmelon,Perennial,red,Uttar Pradesh
87,6,45,29.82729394,90.79007335,6.40077205,22.84203589,muskmelon,Perennial,sandy,Tamil Nadu
93,20,50,29.93061247,93.22980899,6.448792689,24.34814338,muskmelon,Perennial,clay,Tamil Nadu
84,29,49,29.94349168,93.90741192,6.251420275,20.39020503,muskmelon,Perennial,loamy,Karnataka
111,5,47,28.03306461,91.47355778,6.274452811,21.17924769,muskmelon,Perennial,red,Uttar Pradesh
111,5,52,29.8843055,94.0371147,6.135996372,21.0000988,muskmelon,Perennial,clay,Maharashtra
111,15,54,27.7058373,92.91185695,6.194090172,22.06207161,muskmelon,Perennial,black,Punjab
89,11,47,29.78714005,94.65343534,6.327822962,27.8659442,muskmelon,Perennial,red,Tamil Nadu
110,15,48,28.57819995,92.86597437,6.212567211,27.5987178,muskmelon,Perennial,sandy,Uttar Pradesh
95,30,52,29.48069921,90.33698678,6.640470863,26.0365768,muskmelon,Perennial,clay,Tamil Nadu
115,12,52,27.51492243,94.96218673,6.685553129,21.01796432,muskmelon,Perennial,clay,Uttar Pradesh
120,25,50,28.05457761,94.81637388,6.327210469,21.84869328,muskmelon,Perennial,loamy,Tamil Nadu
102,11,45,29.03167341,93.12603235,6.35544263,24.15591199,muskmelon,Perennial,clay,Tamil Nadu
94,5,55,28.5854649,91.89216849,6.085682344,26.88372572,muskmelon,Perennial,red,Karnataka
84,18,46,27.08808014,93.42402083,6.781050373,25.32159689,muskmelon,Perennial,sandy,Tamil Nadu
107,22,54,27.99611732,90.84660317,6.630301421,21.61893763,muskmelon,Perennial,clay,Karnataka
80,18,52,27.87317436,91.14849627,6.484799661,24.05207925,muskmelon,Perennial,black,Karnataka
86,18,45,28.96586565,90.71832938,6.566759102,22.25838137,muskmelon,Perennial,loamy,Maharashtra
113,28,48,28.87726019,92.48839665,6.170520518,24.44267592,muskmelon,Perennial,loamy,Tamil Nadu
115,18,53,29.17052093,94.19790371,6.012480351,22.06994464,muskmelon,Perennial,sandy,Punjab
82,20,54,29.34033587,90.01506395,6.541150335,21.44532907,muskmelon,Perennial,loamy,Tamil Nadu
98,22,47,29.07265321,91.91533173,6.341400922,28.83568362,muskmelon,Perennial,red,Karnataka
117,25,54,28.68275966,92.50969311,6.150686364,29.11187663,muskmelon,Perennial,black,Maharashtra
83,15,49,28.92705913,91.39356832,6.438008153,23.20076686,muskmelon,Perennial,clay,Maharashtra
120,16,51,27.99901833,91.64193051,6.547041903,23.28618248,muskmelon,Perennial,clay,Uttar Pradesh
111,5,50,27.59350075,91.79742953,6.399891457,24.84266123,muskmelon,Perennial,black,Karnataka
85,21,47,29.87331077,90.60932469,6.186770318,24.69720481,muskmelon,Perennial,black,Maharashtra
90,23,54,28.55852465,90.45773041,6.159020864,27.26588346,muskmelon,Perennial,black,Tamil Nadu
99,29,55,29.19378695,91.46241065,6.660954816,26.48240255,muskmelon,Perennial,red,Punjab
102,11,47,27.98780984,92.78226196,6.504906979,27.14509034,muskmelon,Perennial,clay,Karnataka
80,18,51,28.05380704,91.81758779,6.706053225,20.76582087,muskmelon,Perennial,sandy,Tamil Nadu
87,21,52,27.3506296,94.2911951,6.067665498,27.21244021,muskmelon,Perennial,clay,Punjab
114,8,52,29.34081108,94.5513539,6.419083092,28.22908103,muskmelon,Perennial,red,Punjab
99,6,46,28.61475136,94.22253035,6.39637861,28.98574189,muskmelon,Perennial,loamy,Punjab
89,25,50,27.04863538,91.34685096,6.375923383,25.08146686,muskmelon,Perennial,black,Uttar Pradesh
96,13,55,29.5275305,94.57459443,6.700337732,21.13545688,muskmelon,Perennial,clay,Tamil Nadu
82,26,47,28.50416396,93.46806467,6.565312653,24.20007242,muskmelon,Perennial,sandy,Tamil Nadu
106,21,52,28.89578588,94.78993038,6.286515359,23.0362503,muskmelon,Perennial,loamy,Tamil Nadu
90,15,52,27.04927452,91.3821731,6.448061578,23.65747461,muskmelon,Perennial,clay,Karnataka
106,16,54,28.96017885,91.69532178,6.585872508,24.7458198,muskmelon,Perennial,red,Uttar Pradesh
24,128,196,22.75088787,90.69489172,5.521466996,110.4317855,apple,Perennial,sandy,Uttar Pradesh
7,144,197,23.8494014,94.34814995,6.133220586,114.0512495,apple,Perennial,red,Karnataka
14,128,205,22.60800988,94.58900601,6.226289556,116.0396587,apple,Perennial,clay,Punjab
8,120,201,21.18667419,91.13435689,6.321152192,122.233323,apple,Perennial,clay,Maharashtra
20,129,201,23.41044706,91.69913296,5.587905967,116.0777931,apple,Perennial,black,Maharashtra
32,137,204,22.86006627,93.12859895,5.824151693,117.7296726,apple,Perennial,black,Punjab
27,139,205,22.48403042,93.40819246,5.772179946,105.5473627,apple,Perennial,clay,Maharashtra
0,123,205,22.02775403,92.96129462,5.790993052,121.1349176,apple,Perennial,red,Karnataka
22,144,196,21.91191314,91.68748063,6.499226821,117.0761277,apple,Perennial,red,Uttar Pradesh
1,124,199,23.71059131,93.27392415,5.658473817,112.6676589,apple,Perennial,clay,Karnataka
30,122,197,21.37784654,92.72043743,5.573241391,106.1417017,apple,Perennial,loamy,Punjab
29,121,196,22.84852833,94.32130209,6.079497202,123.5977843,apple,Perennial,loamy,Uttar Pradesh
13,126,204,23.1094265,92.79630809,6.383180271,108.183792,apple,Perennial,black,Karnataka
9,139,199,23.25230817,94.54128292,5.867420996,105.3558408,apple,Perennial,black,Uttar Pradesh
0,133,200,23.67287749,90.4935574,5.708418722,104.2298028,apple,Perennial,clay,Punjab
30,143,199,23.76881552,90.59810302,5.7983508,102.2648546,apple,Perennial,black,Punjab
36,140,198,23.34386401,91.47684705,6.28188384,104.4267991,apple,Perennial,sandy,Maharashtra
37,137,199,22.63946441,90.18451645,5.697945522,108.3405879,apple,Perennial,sandy,Tamil Nadu
33,121,203,22.45696744,94.76285385,5.605934087,114.8407725,apple,Perennial,sandy,Maharashtra
7,144,195,22.96388477,93.58065995,5.85648105,104.6472986,apple,Perennial,loamy,Maharashtra
35,128,205,21.07273439,93.56585985,6.041053829,107.8737015,apple,Perennial,black,Maharashtra
29,128,198,22.44075021,92.70785115,5.685062404,121.4977331,apple,Perennial,clay,Tamil Nadu
2,143,196,22.71271308,90.45261746,5.669489065,109.8852597,apple,Perennial,clay,Karnataka
34,140,198,21.70416965,93.44006288,5.751707342,115.1781396,apple,Perennial,clay,Tamil Nadu
29,144,204,22.43324518,92.48667725,5.800448951,119.1025189,apple,Perennial,red,Uttar Pradesh
32,141,203,21.25941052,92.84416234,5.821347769,109.0658471,apple,Perennial,clay,Uttar Pradesh
13,144,197,22.9215706,94.89613443,6.28022267,105.6941544,apple,Perennial,loamy,Maharashtra
25,143,198,22.81212536,91.51861705,6.027314401,107.855225,apple,Perennial,sandy,Punjab
9,137,200,21.12152071,90.6878768,5.636687393,102.8017203,apple,Perennial,loamy,Uttar Pradesh
6,144,198,21.11478672,90.31528693,5.559363609,104.5086618,apple,Perennial,loamy,Karnataka
37,126,196,23.59997268,90.97597665,5.596449493,107.1728191,apple,Perennial,sandy,Maharashtra
2,120,203,23.12652652,94.71203306,5.893492999,108.6211833,apple,Perennial,red,Tamil Nadu
11,143,197,22.98458907,93.3204487,5.875718516,122.1952483,apple,Perennial,sandy,Maharashtra
10,141,201,22.12659387,90.97818277,6.386021424,104.5412275,apple,Perennial,black,Karnataka
24,142,202,22.53779727,91.48135786,5.710819862,101.8474768,apple,Perennial,loamy,Tamil Nadu
23,138,195,22.49095104,91.70292746,5.795985716,124.3915101,apple,Perennial,sandy,Tamil Nadu
18,125,204,22.35548159,94.47811755,6.046673619,116.7366261,apple,Perennial,red,Uttar Pradesh
13,121,196,22.20700989,93.50574163,6.443382913,120.1593771,apple,Perennial,red,Tamil Nadu
26,122,202,22.44516988,94.73763514,5.617227184,107.1843273,apple,Perennial,black,Tamil Nadu
28,123,202,22.76643029,92.12438519,6.442289294,120.4359949,apple,Perennial,clay,Punjab
26,121,201,22.19109412,90.02575116,6.162034371,112.3126628,apple,Perennial,clay,Punjab
21,137,196,23.6119202,91.70293849,5.812781806,123.5900822,apple,Perennial,red,Uttar Pradesh
21,135,198,23.86087054,94.92048112,5.765015126,105.0241329,apple,Perennial,clay,Uttar Pradesh
5,144,205,21.42177231,92.62665309,6.184922574,102.8045658,apple,Perennial,loamy,Maharashtra
2,123,205,22.36629253,90.78572467,5.739652177,124.9831618,apple,Perennial,loamy,Maharashtra
15,133,199,23.99686172,91.61001707,5.824778636,117.6102915,apple,Perennial,loamy,Maharashtra
31,130,198,21.80129837,92.73446667,5.554823557,120.0586671,apple,Perennial,loamy,Uttar Pradesh
25,143,200,23.80436344,92.80441624,6.024248787,100.6192543,apple,Perennial,loamy,Punjab
16,143,204,23.71475278,91.53331177,5.631333387,121.8961665,apple,Perennial,red,Punjab
19,122,202,23.34467359,90.37981478,5.811975094,112.8954016,apple,Perennial,sandy,Punjab
10,125,196,22.31253665,90.03577124,5.730557448,113.0688155,apple,Perennial,sandy,Maharashtra
20,139,202,23.50201428,92.21083961,5.66999105,107.9868949,apple,Perennial,black,Maharashtra
28,123,198,23.46260321,91.45665004,5.682751473,111.7763395,apple,Perennial,black,Karnataka
28,136,200,23.06204373,92.39544055,6.245858905,114.7399101,apple,Perennial,sandy,Karnataka
2,131,199,22.47420512,91.22759742,6.017370134,124.2179699,apple,Perennial,loamy,Karnataka
2,140,197,22.69780133,92.82223419,5.53456749,105.0508234,apple,Perennial,loamy,Maharashtra
27,138,201,23.66682067,93.90191078,5.952367662,105.4004751,apple,Perennial,sandy,Punjab
30,127,204,22.50050273,92.45878335,6.126436584,100.9343903,apple,Perennial,red,Tamil Nadu
32,145,203,23.83053666,90.84422164,6.406818518,109.5966791,apple,Perennial,black,Uttar Pradesh
29,139,205,23.64142354,93.74461474,6.155939453,116.6912176,apple,Perennial,black,Uttar Pradesh
26,126,195,21.41363812,92.99124545,5.878568981,118.3979065,apple,Perennial,clay,Karnataka
40,136,202,22.85267372,94.5764581,5.935336308,117.5314026,apple,Perennial,clay,Maharashtra
6,124,200,22.98208095,93.84505029,5.971332179,109.5852253,apple,Perennial,loamy,Tamil Nadu
35,138,200,21.19909519,90.80819418,5.67130617,103.6838922,apple,Perennial,black,Uttar Pradesh
17,136,196,23.87192332,90.49939035,5.882155988,103.0548094,apple,Perennial,sandy,Maharashtra
33,134,205,21.0365275,94.33919546,6.08551916,114.7412734,apple,Perennial,loamy,Karnataka
16,143,197,22.61711614,93.51978375,5.90402645,116.9256766,apple,Perennial,loamy,Uttar Pradesh
27,120,200,21.45278675,90.74531921,6.110218826,116.7036582,apple,Perennial,loamy,Uttar Pradesh
29,145,205,22.81227579,92.12992101,6.212302608,109.3383552,apple,Perennial,sandy,Karnataka
3,141,197,21.98141856,91.12719303,6.142803397,115.4789148,apple,Perennial,loamy,Maharashtra
15,123,204,22.52709326,92.54780429,6.365972688,115.3830068,apple,Perennial,clay,Tamil Nadu
5,136,195,22.35628673,91.92360477,6.264202804,107.7697413,apple,Perennial,sandy,Punjab
10,136,204,21.19852186,92.15595143,6.276198595,105.8554351,apple,Perennial,loamy,Tamil Nadu
7,141,195,23.8812458,93.45067555,5.514253142,104.9116663,apple,Perennial,sandy,Karnataka
2,129,201,22.78234161,94.36803516,5.682343744,122.1449949,apple,Perennial,loamy,Tamil Nadu
29,138,197,22.19055385,92.43764169,5.830892252,121.6622761,apple,Perennial,sandy,Uttar Pradesh
30,137,200,22.91430043,90.70475565,5.603413172,118.6044645,apple,Perennial,clay,Uttar Pradesh
29,132,204,23.08950736,90.22507299,6.0967531,108.2166601,apple,Perennial,black,Punjab
14,139,197,21.72484506,92.83975602,6.056529526,121.6961761,apple,Perennial,black,Maharashtra
18,125,203,22.44307715,91.59234006,6.160267496,102.5565807,apple,Perennial,loamy,Tamil Nadu
33,143,204,21.1316077,91.95769858,5.814434775,122.5391946,apple,Perennial,clay,Uttar Pradesh
40,144,196,22.71750705,92.25479855,5.987262638,107.0289866,apple,Perennial,loamy,Maharashtra
9,143,197,23.75033085,92.88160462,5.570020684,117.6602827,apple,Perennial,black,Tamil Nadu
38,135,203,23.76121837,93.661643,5.965551311,100.825956,apple,Perennial,black,Karnataka
28,130,196,22.13450646,94.67695747,6.062356467,112.9203223,apple,Perennial,clay,Maharashtra
35,142,203,21.17089176,90.23730166,5.895319002,123.6495149,apple,Perennial,red,Karnataka
12,129,205,22.36238282,91.15761594,6.119432215,118.6832725,apple,Perennial,loamy,Maharashtra
1,135,203,22.77856513,92.70124029,5.624203283,113.7759219,apple,Perennial,sandy,Maharashtra
0,145,205,21.22503442,90.09877774,5.52078314,113.9760462,apple,Perennial,black,Karnataka
31,121,201,23.15791104,90.34396882,5.731535258,110.712841,apple,Perennial,black,Uttar Pradesh
35,131,203,22.42776057,93.91722423,5.893490899,102.7230739,apple,Perennial,loamy,Karnataka
29,140,195,23.64082979,90.95257927,5.560521058,116.7431319,apple,Perennial,sandy,Uttar Pradesh
33,138,198,22.29423493,90.69033986,6.222390798,122.7418744,apple,Perennial,sandy,Karnataka
14,140,197,23.35225078,90.90054697,6.071255131,113.0381382,apple,Perennial,black,Karnataka
35,145,195,22.03911546,94.58075845,6.231950009,110.9804014,apple,Perennial,red,Uttar Pradesh
40,120,197,23.80593812,92.48879468,5.889480679,119.6335548,apple,Perennial,black,Karnataka
25,132,198,22.31944084,90.85174383,5.732757516,100.1173443,apple,Perennial,red,Uttar Pradesh
31,137,196,22.14464104,93.82567435,6.400321212,120.6310784,apple,Perennial,red,Uttar Pradesh
36,144,196,23.65167552,94.50528753,6.496934492,115.3611268,apple,Perennial,clay,Tamil Nadu
10,140,197,22.16939473,90.27185592,6.229498836,124.4683112,apple,Perennial,loamy,Karnataka
22,30,12,15.78144173,92.51077745,6.354006744,119.035002,orange,Perennial,sandy,Maharashtra
37,6,13,26.03097313,91.50819306,7.511755068,101.2847738,orange,Perennial,loamy,Maharashtra
27,13,6,13.36050601,91.35608208,7.335158382,111.2266885,orange,Perennial,clay,Tamil Nadu
7,16,9,18.87957654,92.04304496,7.813916603,114.6659511,orange,Perennial,black,Uttar Pradesh
20,7,9,29.47741671,91.57802915,7.129136941,111.1727497,orange,Perennial,loamy,Tamil Nadu
26,27,10,28.06903173,92.91487288,6.079998496,114.1339416,orange,Perennial,sandy,Maharashtra
5,23,15,25.66901098,92.04670813,7.408939392,112.5424199,orange,Perennial,sandy,Tamil Nadu
0,18,14,29.77149434,92.00719952,7.207991261,114.4161786,orange,Perennial,red,Maharashtra
39,24,14,30.55472573,90.90343769,7.189259647,106.0711985,orange,Perennial,sandy,Maharashtra
13,23,6,23.96147583,90.26408017,7.365338111,102.6958703,orange,Perennial,black,Uttar Pradesh
21,17,15,23.98289638,91.5473145,7.455991072,118.4901697,orange,Perennial,red,Punjab
33,12,8,25.26052689,90.31153735,6.822282114,117.3695296,orange,Perennial,black,Tamil Nadu
6,9,12,31.08368929,90.14362642,7.028746406,109.6894658,orange,Perennial,loamy,Punjab
19,7,10,14.78003032,91.22062116,6.118430299,100.1961762,orange,Perennial,sandy,Tamil Nadu
24,18,6,26.56608303,94.45239715,6.285312759,116.3796525,orange,Perennial,sandy,Karnataka
9,11,8,24.85903405,94.39000473,6.559236744,111.7803734,orange,Perennial,black,Uttar Pradesh
31,8,7,34.51465139,93.63812684,7.163245982,103.5684926,orange,Perennial,loamy,Punjab
22,17,5,24.12188673,90.72351622,6.945562889,102.835632,orange,Perennial,red,Punjab
13,5,8,23.85340379,90.10522549,7.474710503,103.923226,orange,Perennial,black,Karnataka
16,8,9,24.60297538,91.28408653,7.601189843,111.2948115,orange,Perennial,black,Maharashtra
4,13,6,15.63211033,94.25966183,7.561143224,101.4705704,orange,Perennial,red,Punjab
0,25,14,19.33516809,91.97978938,6.361671475,116.450422,orange,Perennial,red,Punjab
8,7,10,28.2620488,91.98317355,6.929216014,105.2132259,orange,Perennial,black,Karnataka
4,23,5,22.67594476,93.36348717,7.477935216,110.3332655,orange,Perennial,sandy,Tamil Nadu
33,14,8,21.03200078,92.9641969,7.684420446,110.6823944,orange,Perennial,loamy,Uttar Pradesh
30,7,15,33.23453301,91.06053924,7.825531916,115.7659902,orange,Perennial,red,Uttar Pradesh
21,29,12,22.30318989,92.15987039,6.438668989,117.3688104,orange,Perennial,black,Karnataka
11,14,5,11.50322938,94.8933184,6.946354724,115.5683776,orange,Perennial,black,Tamil Nadu
9,8,15,14.34320488,94.35734702,7.994465371,110.2223123,orange,Perennial,red,Maharashtra
5,18,14,33.1056981,93.48447453,7.434118807,119.1709113,orange,Perennial,black,Karnataka
29,25,14,30.49183837,90.4582865,7.781988584,113.3302105,orange,Perennial,black,Punjab
33,12,15,30.25578031,92.03272799,6.052318465,116.7173125,orange,Perennial,red,Karnataka
8,16,6,12.22816189,90.26457428,7.106650373,108.4161706,orange,Perennial,black,Punjab
15,14,8,10.01081312,90.22399223,6.22094286,119.3941064,orange,Perennial,sandy,Tamil Nadu
16,7,8,22.79196751,90.60901895,6.420457311,116.5084074,orange,Perennial,clay,Punjab
0,12,7,20.18432263,90.65458473,6.969249676,116.8130969,orange,Perennial,loamy,Karnataka
5,25,6,30.72119881,94.01331956,6.011302181,106.8118019,orange,Perennial,loamy,Karnataka
6,8,11,24.35590861,92.39651663,6.600948788,119.6946577,orange,Perennial,clay,Maharashtra
10,5,5,21.21306973,91.35349216,7.817846496,112.9834361,orange,Perennial,loamy,Karnataka
1,17,6,10.78689755,91.38411917,6.8198271,117.5293447,orange,Perennial,clay,Karnataka
1,30,10,11.89925671,91.34663797,7.291405641,103.5771468,orange,Perennial,sandy,Maharashtra
0,23,15,22.56664172,93.37488907,7.598729065,109.8585753,orange,Perennial,clay,Maharashtra
24,27,9,18.86883219,93.24688124,6.157135092,119.3936976,orange,Perennial,loamy,Karnataka
36,11,13,17.34083741,93.04897191,7.1917274,112.7194284,orange,Perennial,loamy,Punjab
40,21,8,34.90665289,92.87820148,7.418761774,102.1906333,orange,Perennial,black,Karnataka
40,22,6,24.53610067,91.90997228,6.488221135,115.9787989,orange,Perennial,sandy,Maharashtra
32,18,13,13.8377282,91.74780462,6.044167236,107.9873218,orange,Perennial,black,Uttar Pradesh
9,10,10,22.3551049,93.52211892,6.010391864,101.5164589,orange,Perennial,red,Uttar Pradesh
13,16,8,34.74004942,93.12316972,6.949838549,100.1967854,orange,Perennial,black,Tamil Nadu
15,9,11,11.54785707,94.14861001,7.907956251,108.8289171,orange,Perennial,loamy,Karnataka
29,11,5,23.13338811,91.94670335,7.639788459,104.4224145,orange,Perennial,sandy,Punjab
1,15,9,29.98364695,94.55239717,7.53350946,115.3560318,orange,Perennial,loamy,Uttar Pradesh
18,5,11,20.87947369,90.93756231,6.251586885,102.4550786,orange,Perennial,black,Maharashtra
14,22,9,17.24944623,91.13772765,6.543191814,112.5090516,orange,Perennial,clay,Karnataka
33,15,7,15.83388699,91.68293851,7.651225301,109.7571416,orange,Perennial,sandy,Tamil Nadu
4,6,7,23.01014302,91.11764246,6.708889665,112.6738296,orange,Perennial,sandy,Karnataka
17,16,14,16.39624284,92.18151927,6.625538653,102.944161,orange,Perennial,red,Punjab
12,20,10,24.45132792,93.10527686,6.528354932,109.4711098,orange,Perennial,loamy,Karnataka
34,29,8,31.87859192,91.15248149,6.450640306,105.3437825,orange,Perennial,red,Punjab
39,28,10,31.34920143,91.48247612,7.181907673,109.1549823,orange,Perennial,black,Maharashtra
31,25,12,18.05142392,90.03969587,7.016482298,111.7793889,orange,Perennial,clay,Uttar Pradesh
12,6,8,30.84835031,92.86773675,6.388617138,107.4142681,orange,Perennial,red,Maharashtra
12,29,13,22.45616931,91.52781832,7.57125447,118.0069295,orange,Perennial,clay,Tamil Nadu
26,11,11,13.70319166,90.95589386,7.609348255,106.2944879,orange,Perennial,sandy,Tamil Nadu
19,24,15,20.48954522,93.72485075,7.137136973,111.8391951,orange,Perennial,red,Karnataka
39,21,9,13.20844373,94.02769434,6.354022554,106.2696156,orange,Perennial,red,Uttar Pradesh
16,29,13,32.31944397,93.67804556,6.196907944,117.6236473,orange,Perennial,red,Maharashtra
36,29,13,20.68185224,90.91510525,7.829507245,109.7513927,orange,Perennial,loamy,Tamil Nadu
37,23,12,31.52675982,90.50621806,6.395258356,113.1169398,orange,Perennial,red,Maharashtra
39,9,15,25.35467646,91.81183218,7.992041984,116.7555937,orange,Perennial,red,Tamil Nadu
31,5,14,17.66545409,91.69865887,6.583411671,110.6857506,orange,Perennial,loamy,Maharashtra
18,12,8,12.59093977,91.81668769,6.206053072,119.3916718,orange,Perennial,clay,Punjab
20,20,10,11.86631922,93.68394562,6.976997772,106.060149,orange,Perennial,loamy,Tamil Nadu
5,8,5,11.03367937,92.22706805,6.562594972,112.7715925,orange,Perennial,red,Maharashtra
20,8,12,25.2990432,94.96419851,7.260416405,117.9733424,orange,Perennial,sandy,Tamil Nadu
25,21,11,32.23797837,90.15406807,6.460044778,104.7052254,orange,Perennial,clay,Punjab
14,19,14,17.68408797,94.35815354,6.699164936,108.0638166,orange,Perennial,red,Uttar Pradesh
37,18,12,10.2708877,90.19147747,7.401121811,106.6955204,orange,Perennial,loamy,Punjab
26,15,6,17.22034507,94.78797376,6.912033409,108.0054343,orange,Perennial,red,Punjab
13,22,5,19.667056,90.50096668,7.764040111,100.1737964,orange,Perennial,red,Punjab
32,25,9,10.35609594,93.75652041,7.796034006,101.1456947,orange,Perennial,red,Karnataka
19,7,9,27.255435,91.71369387,6.969883483,101.139435,orange,Perennial,red,Tamil Nadu
28,7,9,34.5917846,92.13229786,6.730757538,115.5650287,orange,Perennial,black,Tamil Nadu
24,30,11,32.39523995,94.51768464,6.601395755,113.25373,orange,Perennial,loamy,Uttar Pradesh
7,17,10,10.16431299,91.22320999,6.465913274,106.362551,orange,Perennial,sandy,Maharashtra
18,23,8,21.49118657,93.43949693,6.41354791,101.4819888,orange,Perennial,red,Punjab
7,20,12,16.53460397,94.76759975,6.475275337,110.0447896,orange,Perennial,red,Maharashtra
20,23,11,31.8520694,90.12220323,6.407715561,109.9455062,orange,Perennial,sandy,Tamil Nadu
18,14,11,28.04799508,90.00621688,6.550814117,117.1311498,orange,Perennial,black,Karnataka
34,11,10,31.75048899,94.59551226,7.36220835,115.1989301,orange,Perennial,clay,Tamil Nadu
20,29,10,29.07412717,93.27189064,7.36549204,100.7896871,orange,Perennial,loamy,Punjab
37,24,13,19.14381903,90.71037456,7.8546243,108.0230792,orange,Perennial,sandy,Karnataka
12,8,10,16.14820285,91.4448027,7.995848977,107.4287664,orange,Perennial,sandy,Uttar Pradesh
34,10,14,34.05296914,92.05811721,6.725600855,116.8020848,orange,Perennial,black,Punjab
6,13,9,34.51423957,90.56151463,7.786725333,118.3271968,orange,Perennial,black,Uttar Pradesh
27,30,5,32.71748548,90.54608254,7.656978112,113.328978,orange,Perennial,red,Maharashtra
13,8,12,25.16296632,92.54736032,7.105904818,114.3117197,orange,Perennial,clay,Uttar Pradesh
6,7,7,27.68167318,94.47316879,7.199106204,113.9995146,orange,Perennial,loamy,Maharashtra
40,17,15,21.35093384,90.9492967,7.871063004,107.0862095,orange,Perennial,red,Karnataka
31,26,9,11.69894639,93.25638873,7.566165721,103.2005992,orange,Perennial,black,Tamil Nadu
61,68,50,35.21462816,91.49725058,6.793245417,243.0745066,papaya,Perennial,black,Karnataka
58,46,45,42.39413392,90.79028064,6.576261427,88.46607497,papaya,Perennial,clay,Uttar Pradesh
45,47,55,38.4191628,91.14220381,6.751452932,119.2653877,papaya,Perennial,sandy,Punjab
39,65,53,35.33294932,92.11508608,6.560743093,235.6133585,papaya,Perennial,clay,Tamil Nadu
31,68,45,42.92325255,90.07600528,6.938313356,196.2408242,papaya,Perennial,sandy,Punjab
70,68,45,33.83508569,92.85470152,6.991626158,203.4044028,papaya,Perennial,black,Maharashtra
68,62,50,33.20258348,92.76437927,6.977700268,197.5282582,papaya,Perennial,loamy,Punjab
34,65,47,23.48546973,93.71043692,6.833768535,191.7760562,papaya,Perennial,loamy,Karnataka
38,68,54,29.33710543,90.81781439,6.739170045,202.0572747,papaya,Perennial,black,Maharashtra
69,64,47,40.21199348,94.50766912,6.993473247,186.6762324,papaya,Perennial,black,Tamil Nadu
58,51,47,42.13473976,91.70445386,6.757470637,197.402901,papaya,Perennial,loamy,Karnataka
59,47,53,32.86316618,91.4618874,6.850663232,47.271547,papaya,Perennial,sandy,Maharashtra
44,64,54,29.80744318,91.38048469,6.74274935,232.7046126,papaya,Perennial,red,Uttar Pradesh
56,57,48,31.56213762,93.0484859,6.506120752,63.62250788,papaya,Perennial,clay,Uttar Pradesh
69,60,54,36.32268069,93.06134398,6.98992719,141.1736926,papaya,Perennial,black,Tamil Nadu
56,58,49,37.13165026,94.60761797,6.69215564,172.4788062,papaya,Perennial,loamy,Uttar Pradesh
49,55,53,38.4418717,93.63739039,6.544029776,77.71566883,papaya,Perennial,black,Punjab
38,51,52,32.66160599,90.78931681,6.927803911,78.85085502,papaya,Perennial,red,Tamil Nadu
54,65,47,27.92765919,91.55594211,6.721835879,149.9107557,papaya,Perennial,clay,Maharashtra
57,57,51,39.01793345,91.48815629,6.99223441,105.8841531,papaya,Perennial,clay,Maharashtra
39,52,53,32.51247398,94.65904123,6.704204398,51.07048113,papaya,Perennial,loamy,Maharashtra
58,67,45,38.72382798,91.72514851,6.702424548,62.62377075,papaya,Perennial,loamy,Punjab
61,64,52,43.30204933,92.83405443,6.641098708,110.562229,papaya,Perennial,sandy,Punjab
34,62,55,27.58548913,90.72526502,6.585346229,238.5008779,papaya,Perennial,clay,Karnataka
31,48,45,40.78881819,92.90951393,6.563134737,132.7923586,papaya,Perennial,black,Karnataka
47,46,52,23.19451074,91.40301608,6.502289473,206.3999208,papaya,Perennial,sandy,Punjab
32,68,52,32.68067385,92.61715632,6.800321319,248.8592986,papaya,Perennial,black,Punjab
36,59,46,34.28879307,93.61082872,6.721130543,127.2509777,papaya,Perennial,clay,Karnataka
61,51,51,39.30050027,94.16193416,6.574677594,120.9512466,papaya,Perennial,black,Karnataka
70,54,46,39.73149053,91.12220596,6.919342407,122.7628653,papaya,Perennial,sandy,Tamil Nadu
44,56,49,39.23342464,91.25589286,6.519779583,64.4478499,papaya,Perennial,loamy,Tamil Nadu
34,68,51,27.34734861,94.17756725,6.687088098,40.35153141,papaya,Perennial,red,Tamil Nadu
50,59,47,40.76998685,92.09278584,6.747975732,209.8678411,papaya,Perennial,clay,Punjab
39,70,52,26.26559543,90.79668055,6.65149129,59.49373381,papaya,Perennial,black,Uttar Pradesh
34,61,49,28.12971499,93.3210737,6.502675132,117.8201907,papaya,Perennial,clay,Tamil Nadu
44,60,55,34.2804607,90.55561637,6.825371185,98.54047745,papaya,Perennial,loamy,Tamil Nadu
31,62,52,33.7960155,93.00754254,6.99104104,182.026807,papaya,Perennial,clay,Karnataka
65,62,51,31.53243779,90.87394933,6.511624841,207.0735119,papaya,Perennial,sandy,Tamil Nadu
44,57,53,42.30495821,90.51431779,6.93172108,74.876786,papaya,Perennial,black,Punjab
50,47,48,24.63676897,90.61964344,6.712772333,218.2299187,papaya,Perennial,red,Karnataka
43,50,48,28.28222883,91.37059792,6.63016515,179.2720807,papaya,Perennial,black,Tamil Nadu
60,46,53,24.48620746,92.98254537,6.761953186,183.49095,papaya,Perennial,clay,Karnataka
70,68,55,42.84609252,94.63548176,6.691202286,78.8099639,papaya,Perennial,sandy,Tamil Nadu
59,62,52,43.67549305,93.10887229,6.608667684,103.8235658,papaya,Perennial,loamy,Karnataka
60,58,51,42.07213781,92.92203105,6.840802254,165.7412972,papaya,Perennial,red,Tamil Nadu
42,60,47,33.46873719,92.12746225,6.834808348,136.8277041,papaya,Perennial,sandy,Tamil Nadu
35,66,47,31.7018373,91.66232213,6.953439161,48.83810592,papaya,Perennial,loamy,Uttar Pradesh
34,65,48,41.41968393,90.03863107,6.665024508,199.3096432,papaya,Perennial,black,Karnataka
36,54,46,42.54744013,94.94482086,6.662875839,214.4103848,papaya,Perennial,clay,Punjab
39,64,52,28.91842453,94.63676767,6.678695788,63.68794608,papaya,Perennial,red,Karnataka
37,52,47,43.08022702,93.90305729,6.54277684,211.8529059,papaya,Perennial,sandy,Tamil Nadu
33,47,46,29.20300896,93.96834049,6.839443833,209.4083305,papaya,Perennial,clay,Uttar Pradesh
34,48,48,41.04224355,91.37258067,6.805277038,181.527598,papaya,Perennial,loamy,Maharashtra
49,54,50,25.62446619,93.18240298,6.762522087,97.26336657,papaya,Perennial,sandy,Uttar Pradesh
40,65,49,35.32876402,91.06138506,6.678449318,163.9069365,papaya,Perennial,black,Tamil Nadu
68,52,49,24.42561272,92.27749066,6.577192175,63.35298768,papaya,Perennial,loamy,Karnataka
50,46,52,31.18298415,90.21646909,6.734005648,54.01872359,papaya,Perennial,loamy,Punjab
65,63,50,31.88342554,91.3256535,6.524459342,79.27201575,papaya,Perennial,loamy,Tamil Nadu
40,49,47,42.93368602,91.1756748,6.501521192,246.3613268,papaya,Perennial,black,Punjab
42,53,48,23.11407669,94.31994776,6.758479569,231.5153161,papaya,Perennial,black,Punjab
49,55,51,24.87212063,93.90560147,6.676578778,135.1694525,papaya,Perennial,red,Punjab
59,62,49,43.36051537,93.35191636,6.941496806,114.778071,papaya,Perennial,clay,Tamil Nadu
63,58,47,26.83054058,90.75379971,6.864143752,144.6656444,papaya,Perennial,loamy,Tamil Nadu
70,65,52,30.42012134,93.12659793,6.583528529,75.95295,papaya,Perennial,loamy,Uttar Pradesh
63,50,52,28.64555584,93.22642604,6.751747609,115.8163936,papaya,Perennial,clay,Uttar Pradesh
40,64,47,32.50037548,93.47888842,6.893509446,71.73759526,papaya,Perennial,red,Tamil Nadu
63,58,50,43.03714283,94.6428898,6.720744449,41.5856585,papaya,Perennial,sandy,Uttar Pradesh
45,58,49,30.10773379,90.34546355,6.827812549,75.24521981,papaya,Perennial,black,Karnataka
66,69,47,23.69212243,93.61055571,6.912299695,87.53393983,papaya,Perennial,red,Maharashtra
54,67,52,35.67667332,93.30641944,6.586107335,141.3381168,papaya,Perennial,loamy,Karnataka
69,67,52,27.71948962,94.43877142,6.827305908,82.83061083,papaya,Perennial,clay,Tamil Nadu
67,68,49,35.26824831,92.38282957,6.821774589,149.8488208,papaya,Perennial,loamy,Uttar Pradesh
45,57,47,23.16855863,90.78821158,6.656458831,161.6892093,papaya,Perennial,red,Uttar Pradesh
56,50,52,33.08706051,92.25197542,6.770384816,88.1300769,papaya,Perennial,red,Uttar Pradesh
70,50,53,37.4620912,90.44967809,6.933809743,172.3458448,papaya,Perennial,loamy,Punjab
44,47,45,38.73218907,94.73613484,6.579441304,218.142147,papaya,Perennial,black,Maharashtra
50,60,47,32.57720726,92.74889453,6.92791761,93.7942847,papaya,Perennial,black,Tamil Nadu
52,51,53,38.38231475,93.10378595,6.985804083,210.2735346,papaya,Perennial,sandy,Tamil Nadu
35,68,45,42.93605359,90.09448142,6.612429546,234.8466111,papaya,Perennial,loamy,Karnataka
68,69,52,25.65492304,92.74501561,6.813383387,52.95477913,papaya,Perennial,sandy,Uttar Pradesh
32,55,52,37.58899717,91.99740365,6.9677596,159.6577388,papaya,Perennial,loamy,Maharashtra
32,55,51,29.60718808,93.15642801,6.57398033,62.68710535,papaya,Perennial,red,Punjab
48,62,47,25.34756111,93.02871078,6.803094965,174.4012337,papaya,Perennial,red,Tamil Nadu
39,69,53,25.9300384,93.02357765,6.964955435,241.8202079,papaya,Perennial,black,Maharashtra
49,61,45,32.76795887,94.57377401,6.764213299,240.4795923,papaya,Perennial,black,Uttar Pradesh
48,57,54,29.02328049,90.20396783,6.617703178,126.8069869,papaya,Perennial,sandy,Uttar Pradesh
69,66,49,40.00439101,90.17015833,6.52711001,92.11877372,papaya,Perennial,sandy,Tamil Nadu
53,55,55,33.32315744,91.25271223,6.709668804,234.496633,papaya,Perennial,black,Karnataka
38,61,52,31.22790131,94.94021378,6.620729882,46.44279118,papaya,Perennial,clay,Tamil Nadu
57,64,55,26.68386496,92.9585411,6.583760499,62.50689682,papaya,Perennial,sandy,Karnataka
51,57,55,24.70528368,90.14732171,6.676407337,108.4103158,papaya,Perennial,loamy,Punjab
56,65,45,38.2016825,93.97379963,6.751298936,218.0908814,papaya,Perennial,red,Uttar Pradesh
54,66,52,36.56769731,93.79503425,6.867554147,104.4218596,papaya,Perennial,red,Punjab
58,55,47,26.05375792,93.69111672,6.742490027,240.6863901,papaya,Perennial,loamy,Uttar Pradesh
68,70,54,31.29986342,92.76039164,6.986228647,54.77830202,papaya,Perennial,clay,Tamil Nadu
42,59,55,40.10207731,94.35110201,6.979102243,149.1199989,papaya,Perennial,red,Tamil Nadu
43,64,47,38.58954491,91.58076549,6.825664782,102.2708231,papaya,Perennial,sandy,Maharashtra
35,67,49,41.31330062,91.1508798,6.617066674,239.7427554,papaya,Perennial,loamy,Maharashtra
56,59,55,37.03551903,91.79430166,6.551892638,188.5181422,papaya,Perennial,red,Tamil Nadu
39,64,53,23.0124018,91.07355541,6.598860305,208.3357976,papaya,Perennial,clay,Punjab
18,30,29,26.7627493,92.86056895,6.420018717,224.5903664,coconut,Perennial,red,Punjab
37,23,28,25.61294367,94.3138837,5.740054567,224.3206759,coconut,Perennial,red,Punjab
13,28,33,28.130115,95.64807631,5.686972967,151.0761899,coconut,Perennial,sandy,Uttar Pradesh
2,21,35,25.02887163,91.53720922,6.293662363,179.8248944,coconut,Perennial,loamy,Tamil Nadu
10,18,35,27.79797651,99.64573002,6.381975465,181.6942283,coconut,Perennial,clay,Uttar Pradesh
7,11,32,29.25902906,95.11294697,5.542169139,184.7624496,coconut,Perennial,clay,Maharashtra
39,5,31,27.10134661,93.69979946,5.551963184,150.9502632,coconut,Perennial,clay,Tamil Nadu
34,6,27,25.84726298,90.92669463,5.860740481,147.8888994,coconut,Perennial,sandy,Tamil Nadu
31,30,29,26.58580443,90.98617591,5.558807063,178.8116076,coconut,Perennial,red,Uttar Pradesh
25,7,35,28.38503882,99.18843684,5.55771171,189.6711349,coconut,Perennial,black,Punjab
16,18,26,28.43647052,91.81320717,5.568365926,145.5414413,coconut,Perennial,loamy,Maharashtra
26,10,33,28.27298134,96.93649473,6.07071786,198.8234862,coconut,Perennial,clay,Tamil Nadu
27,8,32,27.00648436,96.46168931,5.627860549,144.3331315,coconut,Perennial,clay,Punjab
37,18,30,27.63551259,99.34854917,6.38488418,157.9171537,coconut,Perennial,sandy,Karnataka
19,15,34,26.29644905,99.65809151,5.685889066,215.9195049,coconut,Perennial,clay,Punjab
0,19,33,27.1326009,95.23797989,6.234458417,204.7206567,coconut,Perennial,red,Karnataka
31,20,26,25.56567803,97.61361544,6.443168642,199.7936345,coconut,Perennial,red,Uttar Pradesh
9,17,32,25.94951662,93.40548703,5.842317989,172.0540491,coconut,Perennial,clay,Maharashtra
22,11,29,28.03380598,95.01630593,5.955742971,218.0055713,coconut,Perennial,clay,Maharashtra
31,6,26,29.12859129,91.30924833,5.741367375,157.2388553,coconut,Perennial,red,Punjab
34,6,30,27.0828252,97.00155491,5.948342571,171.7575545,coconut,Perennial,black,Uttar Pradesh
24,6,32,28.11321494,90.01734526,6.387067562,172.4813641,coconut,Perennial,black,Punjab
1,8,26,27.5136304,94.18955816,5.562911913,156.6732553,coconut,Perennial,clay,Punjab
31,13,33,27.63834933,95.48763389,5.85971872,205.5463111,coconut,Perennial,loamy,Uttar Pradesh
10,9,28,29.01256899,94.01014388,6.282955073,150.0500312,coconut,Perennial,black,Maharashtra
36,27,26,26.58413917,95.78923137,6.25449571,171.6262299,coconut,Perennial,sandy,Maharashtra
38,24,33,28.28905147,97.00396405,5.973853124,142.9403233,coconut,Perennial,loamy,Karnataka
11,6,25,28.69164799,96.65248672,6.081568052,178.9635457,coconut,Perennial,red,Uttar Pradesh
16,14,30,29.70931288,96.30484325,6.37466756,209.8453993,coconut,Perennial,black,Uttar Pradesh
33,14,35,27.14865285,96.66355213,6.027707171,149.2433497,coconut,Perennial,black,Karnataka
16,6,29,29.28725038,91.95614918,5.868285082,132.1491176,coconut,Perennial,sandy,Karnataka
32,11,31,25.06871967,93.31410447,6.205931638,134.8419069,coconut,Perennial,clay,Karnataka
38,14,30,26.92449525,91.20106019,5.570745386,194.9022136,coconut,Perennial,loamy,Maharashtra
8,6,33,28.27804288,93.64761266,6.095261013,171.9457959,coconut,Perennial,loamy,Punjab
23,6,33,29.18032562,92.73041222,6.025789594,204.9603677,coconut,Perennial,red,Karnataka
29,25,35,28.3575072,91.64509299,5.542873799,160.7306991,coconut,Perennial,clay,Uttar Pradesh
24,14,33,29.38072512,93.27565685,6.366219551,218.5241851,coconut,Perennial,black,Maharashtra
32,12,30,25.39241091,98.08951196,5.579845008,218.080385,coconut,Perennial,loamy,Maharashtra
30,25,31,26.31270635,98.62048026,5.804965067,208.1181381,coconut,Perennial,clay,Maharashtra
14,21,35,29.52501367,91.91185319,6.121005506,194.3100272,coconut,Perennial,black,Uttar Pradesh
27,22,29,28.83214859,92.17170353,6.000248647,145.4172387,coconut,Perennial,sandy,Karnataka
40,5,29,28.48444906,97.76865458,5.820978791,160.389421,coconut,Perennial,sandy,Uttar Pradesh
17,11,32,28.74013335,93.39676499,5.620733794,156.7650823,coconut,Perennial,clay,Maharashtra
30,30,35,25.00872392,95.59224018,6.001936419,165.8092179,coconut,Perennial,sandy,Karnataka
28,10,30,29.8690834,91.14723422,6.305740522,192.7678575,coconut,Perennial,black,Karnataka
39,7,29,27.54273211,94.59086121,6.362544111,150.2012138,coconut,Perennial,red,Tamil Nadu
32,20,35,26.52166434,98.38227669,5.588655387,144.6261698,coconut,Perennial,loamy,Punjab
7,15,32,25.03512351,95.89739958,6.182232762,174.796583,coconut,Perennial,sandy,Tamil Nadu
29,17,29,29.20394909,95.66997327,5.959493188,211.2506267,coconut,Perennial,clay,Uttar Pradesh
34,15,34,27.05826457,91.10510371,5.677282678,224.7006953,coconut,Perennial,red,Tamil Nadu
14,23,25,26.18552389,96.96637916,5.612122797,135.4186222,coconut,Perennial,sandy,Tamil Nadu
18,19,29,27.59376845,92.48519606,6.206077742,162.8432736,coconut,Perennial,loamy,Uttar Pradesh
7,21,35,25.76011662,94.65830608,5.764812076,131.2451414,coconut,Perennial,red,Punjab
24,27,34,28.87862994,95.11320315,6.203376525,145.0583117,coconut,Perennial,red,Punjab
39,29,29,26.50908611,94.48414544,6.143662699,199.8778403,coconut,Perennial,red,Uttar Pradesh
29,8,28,26.87037587,91.72546257,6.100429497,214.4128874,coconut,Perennial,loamy,Karnataka
10,24,27,27.57283516,94.90485697,5.708409601,145.9298935,coconut,Perennial,black,Punjab
0,29,32,28.05912437,98.3670985,5.868255858,171.6516396,coconut,Perennial,red,Uttar Pradesh
32,11,31,29.51611558,92.56492864,6.461225827,131.2116167,coconut,Perennial,sandy,Karnataka
37,10,32,28.96318258,95.16333673,6.165084855,222.803013,coconut,Perennial,sandy,Tamil Nadu
20,29,27,25.09897688,92.36099489,6.047044342,157.7592626,coconut,Perennial,loamy,Tamil Nadu
31,29,35,27.1872282,92.19906776,6.137102505,141.3220576,coconut,Perennial,black,Tamil Nadu
17,30,27,29.03065024,90.79093862,5.894027065,205.5720367,coconut,Perennial,sandy,Maharashtra
1,12,30,27.754298,95.94643831,5.56222383,131.0900076,coconut,Perennial,loamy,Uttar Pradesh
6,13,29,27.31155708,99.96906006,5.832608028,201.8258633,coconut,Perennial,sandy,Karnataka
15,28,32,28.84270971,99.64328526,6.218571874,224.4016682,coconut,Perennial,loamy,Punjab
27,24,29,26.61423461,96.97300803,6.142010637,191.006688,coconut,Perennial,black,Tamil Nadu
3,23,30,29.70143197,95.65754365,6.078807239,215.1968037,coconut,Perennial,clay,Maharashtra
8,26,26,25.54759871,91.64194826,5.702484758,212.867626,coconut,Perennial,red,Uttar Pradesh
20,28,26,26.37978453,91.49882979,5.547594847,167.0470997,coconut,Perennial,sandy,Uttar Pradesh
26,18,27,27.45907759,92.90736493,5.836075368,142.1430003,coconut,Perennial,red,Karnataka
1,6,35,27.02269204,95.71935435,6.231662767,147.1682459,coconut,Perennial,black,Punjab
27,30,31,28.98545306,90.73966792,5.718120393,148.8398374,coconut,Perennial,sandy,Karnataka
23,7,34,26.1055118,91.52421214,5.852038202,134.1279669,coconut,Perennial,loamy,Maharashtra
0,26,31,25.0707247,95.02156793,5.547933273,192.9036306,coconut,Perennial,black,Punjab
38,6,25,25.54963273,96.92786777,6.156259104,191.2996157,coconut,Perennial,red,Uttar Pradesh
25,12,26,28.56973521,95.67906668,6.436314406,134.8370348,coconut,Perennial,loamy,Punjab
40,5,32,26.07010807,96.7036223,5.981169595,143.533473,coconut,Perennial,sandy,Punjab
0,19,31,25.51791333,94.38420565,6.271952833,178.7297725,coconut,Perennial,black,Karnataka
26,9,32,25.9490364,94.73860514,6.470465614,144.1571109,coconut,Perennial,black,Punjab
35,30,34,28.2974764,95.41122824,6.141502001,182.4482352,coconut,Perennial,black,Punjab
19,30,30,29.56549169,91.40896307,5.826381164,224.8315729,coconut,Perennial,sandy,Tamil Nadu
31,13,33,29.69952329,95.21224392,6.342463714,148.3003692,coconut,Perennial,loamy,Uttar Pradesh
17,29,26,26.14162144,93.28415295,6.071897347,195.4115025,coconut,Perennial,red,Karnataka
2,30,30,26.00175125,94.79998418,6.331051715,209.540094,coconut,Perennial,black,Punjab
30,13,25,27.15116142,91.48889469,6.413184638,164.9182225,coconut,Perennial,red,Maharashtra
8,15,33,28.97318719,98.09861043,5.50158009,213.9011021,coconut,Perennial,black,Karnataka
18,12,35,26.13958446,96.38580769,6.338720873,131.3387935,coconut,Perennial,black,Maharashtra
8,28,30,25.51618488,94.33465411,6.015672239,135.1272491,coconut,Perennial,black,Uttar Pradesh
40,22,29,27.55821802,99.98187601,5.735364307,174.6256481,coconut,Perennial,loamy,Karnataka
27,10,33,27.81132822,97.48410555,6.465906333,154.0621221,coconut,Perennial,loamy,Maharashtra
21,20,31,25.60033702,99.7240104,5.855457599,165.8248732,coconut,Perennial,black,Karnataka
3,9,35,26.91641934,99.84671638,6.318552973,225.6323656,coconut,Perennial,clay,Karnataka
22,16,27,29.1797902,90.27214288,6.006784979,188.9252083,coconut,Perennial,red,Uttar Pradesh
27,8,30,26.44600063,98.29937782,6.008386283,221.2258168,coconut,Perennial,clay,Maharashtra
22,8,33,28.43572863,95.8840407,5.665785202,203.9283708,coconut,Perennial,black,Karnataka
28,27,32,28.94099669,93.00109012,5.764615485,191.7723087,coconut,Perennial,red,Maharashtra
23,21,26,26.45488737,93.45042636,5.901495544,149.2220255,coconut,Perennial,black,Punjab
37,5,34,25.79490531,93.84150618,5.779032666,152.4238712,coconut,Perennial,black,Maharashtra
19,26,29,26.93141945,98.80313612,5.67154928,166.5712879,coconut,Perennial,loamy,Karnataka
133,47,24,24.40228894,79.19732001,7.231324765,90.8022356,cotton,Kharif,black,Tamil Nadu
136,36,20,23.09595631,84.86275707,6.925412377,71.29581071,cotton,Kharif,clay,Uttar Pradesh
104,47,18,23.9656349,76.97696717,7.633437412,90.75616738,cotton,Kharif,red,Karnataka
133,47,23,24.88738107,75.62137159,6.827354668,89.76050416,cotton,Kharif,sandy,Maharashtra
126,38,23,25.36243778,83.63276077,6.176716425,88.43618918,cotton,Kharif,black,Tamil Nadu
126,50,19,24.69457084,81.7358876,6.628722836,78.58494391,cotton,Kharif,black,Tamil Nadu
113,41,20,25.0017188,80.53965818,7.256877571,96.32600992,cotton,Kharif,black,Maharashtra
121,45,22,22.45942937,81.30681027,6.443785385,64.23026638,cotton,Kharif,clay,Karnataka
121,47,16,23.60564038,79.29573149,7.723240151,72.49800885,cotton,Kharif,clay,Tamil Nadu
129,60,22,24.58453146,79.12404171,5.947448589,71.94608134,cotton,Kharif,sandy,Uttar Pradesh
107,45,25,23.0865933,83.55546146,7.227745516,71.84080724,cotton,Kharif,loamy,Tamil Nadu
122,59,18,23.5000992,83.63488952,6.219469084,79.81328183,cotton,Kharif,clay,Uttar Pradesh
140,38,15,24.1472953,75.88298598,6.021439523,69.91563467,cotton,Kharif,red,Punjab
102,49,21,24.69315538,84.84422454,6.253343655,89.799462,cotton,Kharif,black,Tamil Nadu
111,40,25,24.484692,84.44932014,6.187455799,90.94342484,cotton,Kharif,clay,Uttar Pradesh
131,35,18,24.49112609,82.24415809,7.057693366,64.02949379,cotton,Kharif,black,Uttar Pradesh
135,43,16,23.47986888,81.73049149,6.720449769,86.76287924,cotton,Kharif,black,Maharashtra
100,46,18,24.18586246,76.04203958,6.431689506,69.08056728,cotton,Kharif,sandy,Maharashtra
123,39,24,25.00755095,78.17952126,7.453106264,86.06411872,cotton,Kharif,red,Tamil Nadu
117,56,15,25.99237426,77.0543546,7.368258226,89.1188212,cotton,Kharif,clay,Karnataka
121,36,24,23.66457347,81.69105088,7.352401887,99.36898373,cotton,Kharif,red,Uttar Pradesh
101,58,18,25.66891439,81.38103349,6.652143699,78.59595817,cotton,Kharif,red,Punjab
107,42,24,22.04612876,84.62978302,6.144631795,86.00758678,cotton,Kharif,clay,Tamil Nadu
100,41,22,22.4204752,84.55794703,7.318802162,93.46595573,cotton,Kharif,sandy,Tamil Nadu
125,39,21,25.03149561,82.21276599,7.954629324,95.0191318,cotton,Kharif,black,Maharashtra
105,60,23,23.53371386,77.21705554,6.207652157,87.54004943,cotton,Kharif,red,Punjab
102,46,19,22.77076388,82.5993307,6.631005298,81.49543437,cotton,Kharif,sandy,Punjab
131,49,22,25.49848236,79.9751579,7.306918817,67.05961949,cotton,Kharif,sandy,Karnataka
139,35,15,25.248679,83.4630147,5.898293044,86.55517751,cotton,Kharif,clay,Maharashtra
108,36,19,22.78249615,77.51235009,7.238566893,64.61444234,cotton,Kharif,sandy,Uttar Pradesh
118,45,23,23.37044424,77.43198948,7.977651226,71.67870701,cotton,Kharif,loamy,Karnataka
107,51,22,24.86560781,78.22080815,5.983075895,79.56866268,cotton,Kharif,loamy,Karnataka
125,60,17,24.14386157,84.51591287,6.785723961,80.36146974,cotton,Kharif,clay,Uttar Pradesh
113,37,20,25.03300222,79.04368718,7.393441155,97.10087029,cotton,Kharif,red,Uttar Pradesh
131,52,16,23.65724079,84.47601498,6.486068274,88.54479121,cotton,Kharif,sandy,Punjab
115,48,16,25.54359718,84.09229796,7.175934962,88.94245493,cotton,Kharif,loamy,Tamil Nadu
113,38,25,22.00085141,79.47270984,7.388265888,90.42224164,cotton,Kharif,black,Punjab
111,41,18,23.64328417,78.1258666,6.10539819,80.96157332,cotton,Kharif,red,Maharashtra
111,53,19,23.96436009,78.02763149,6.419536555,84.63148859,cotton,Kharif,clay,Uttar Pradesh
122,48,16,24.65425757,75.6350708,6.307585854,61.82980133,cotton,Kharif,black,Uttar Pradesh
108,46,17,24.3017998,84.87668973,6.93221485,65.0247867,cotton,Kharif,clay,Maharashtra
132,41,22,24.29144926,81.02453404,7.810865753,90.41694635,cotton,Kharif,clay,Maharashtra
103,42,17,24.29470232,84.61527627,6.527541661,81.05902285,cotton,Kharif,black,Punjab
133,50,25,25.72180042,81.19666206,7.569454601,99.93100821,cotton,Kharif,black,Tamil Nadu
127,37,18,24.87663664,76.30050373,7.041065585,91.9223468,cotton,Kharif,red,Maharashtra
110,39,25,22.60612115,77.34264002,7.208795456,75.13617229,cotton,Kharif,clay,Punjab
131,38,19,23.86814008,75.68339729,6.814341946,90.4547185,cotton,Kharif,loamy,Maharashtra
108,38,24,23.41022496,76.43836957,7.442217061,78.82199603,cotton,Kharif,red,Tamil Nadu
122,40,17,24.96440768,81.31677618,6.854558957,80.03995829,cotton,Kharif,loamy,Uttar Pradesh
111,50,15,25.16820129,80.30351815,7.884550475,84.62419032,cotton,Kharif,clay,Maharashtra
140,40,17,22.72767171,77.07598065,6.006085786,77.55176318,cotton,Kharif,black,Karnataka
100,40,20,22.45145981,76.25674874,7.432043735,86.84998693,cotton,Kharif,clay,Tamil Nadu
123,50,16,23.04920461,75.53835214,6.498052108,70.65644296,cotton,Kharif,loamy,Punjab
107,36,21,25.29250148,75.66653335,6.205263534,62.64174227,cotton,Kharif,black,Tamil Nadu
118,50,19,22.95604064,82.33733678,6.360812227,66.48339303,cotton,Kharif,red,Uttar Pradesh
103,51,20,22.80213132,84.14668447,7.046607434,91.6389565,cotton,Kharif,sandy,Tamil Nadu
133,57,19,23.54234715,75.98203329,7.947011366,84.12536744,cotton,Kharif,black,Uttar Pradesh
129,47,20,24.41212325,80.80343786,6.281913858,98.60457373,cotton,Kharif,red,Karnataka
116,52,19,22.94276687,75.37170612,6.114525877,67.08022574,cotton,Kharif,sandy,Punjab
114,40,23,25.53676123,81.13668716,6.753978061,95.4262599,cotton,Kharif,red,Karnataka
131,60,17,25.32023717,81.79475917,7.425041316,83.46532547,cotton,Kharif,loamy,Tamil Nadu
107,43,18,22.426733,81.53480799,6.745104394,65.54475812,cotton,Kharif,black,Uttar Pradesh
123,44,21,25.78544484,75.00539324,7.641116569,91.39578861,cotton,Kharif,red,Karnataka
112,49,25,25.68959532,77.90621048,6.470135478,66.19426787,cotton,Kharif,clay,Punjab
119,44,15,22.14593688,82.8597549,7.091992365,60.65381719,cotton,Kharif,clay,Tamil Nadu
130,59,19,25.07278712,82.50257909,6.520403794,93.51042684,cotton,Kharif,red,Tamil Nadu
127,53,24,22.21506982,76.17851932,6.127939628,70.40557612,cotton,Kharif,loamy,Uttar Pradesh
134,52,18,23.9643129,76.59175937,7.994679507,76.13090645,cotton,Kharif,clay,Karnataka
109,36,18,25.40059227,76.53237965,7.524707577,62.5138867,cotton,Kharif,sandy,Uttar Pradesh
100,48,17,23.7805123,83.03878838,7.827877818,66.26555904,cotton,Kharif,sandy,Tamil Nadu
132,52,19,24.16402322,76.7433897,6.436691764,61.94626051,cotton,Kharif,black,Tamil Nadu
102,37,25,25.31468463,77.91757121,5.907930899,72.82902109,cotton,Kharif,black,Punjab
111,39,22,22.60361557,80.3509046,6.135025006,88.57395505,cotton,Kharif,red,Karnataka
117,51,15,22.9535715,78.71555832,6.044556594,99.75336197,cotton,Kharif,red,Karnataka
136,36,24,22.74446976,80.41198458,7.59781958,90.07326633,cotton,Kharif,red,Tamil Nadu
134,56,18,23.80834611,83.91902605,6.691268104,70.97358303,cotton,Kharif,clay,Maharashtra
112,54,15,25.46228792,81.56641891,6.175492306,76.88582484,cotton,Kharif,loamy,Tamil Nadu
105,56,15,25.96779712,81.97904282,7.272316209,74.14169043,cotton,Kharif,black,Uttar Pradesh
140,45,15,25.5308271,80.04662756,5.801047545,99.39557151,cotton,Kharif,red,Maharashtra
126,46,25,24.43847399,81.69801729,6.757457943,60.79645852,cotton,Kharif,black,Karnataka
106,49,24,23.03887865,76.47039772,6.983395573,90.64770699,cotton,Kharif,loamy,Punjab
121,53,19,23.51308653,76.72621429,7.976889498,80.11272117,cotton,Kharif,black,Maharashtra
108,60,17,22.75805656,76.75768356,6.558902588,97.76600619,cotton,Kharif,sandy,Tamil Nadu
116,56,17,24.71252544,77.7293114,7.979090365,85.24963302,cotton,Kharif,red,Tamil Nadu
100,52,19,23.45969093,82.44777468,7.903528673,93.50153555,cotton,Kharif,red,Tamil Nadu
129,43,16,25.5503704,77.85055621,6.73210948,78.58488484,cotton,Kharif,loamy,Maharashtra
118,44,23,22.08458267,82.82904143,6.691690476,67.06459777,cotton,Kharif,loamy,Maharashtra
117,43,25,24.68854799,78.51206972,7.839849298,69.31153566,cotton,Kharif,clay,Punjab
126,37,21,25.84997269,84.16855231,6.61448588,77.03421249,cotton,Kharif,black,Maharashtra
120,48,16,22.46054478,75.40989245,7.456971816,71.85436078,cotton,Kharif,black,Karnataka
102,45,16,23.65629976,77.52425987,7.2942193,74.8984994,cotton,Kharif,red,Tamil Nadu
131,56,20,22.00817088,81.83896111,7.762647875,92.23645249,cotton,Kharif,sandy,Punjab
114,40,17,24.32630461,80.13456404,6.363406102,69.45072055,cotton,Kharif,clay,Uttar Pradesh
101,37,18,22.92360984,82.68738535,7.63737841,92.91915074,cotton,Kharif,clay,Karnataka
106,46,20,23.43821725,78.63388824,6.200671976,81.15072105,cotton,Kharif,clay,Tamil Nadu
113,38,20,22.10718988,78.58320116,6.364729934,74.94136567,cotton,Kharif,loamy,Maharashtra
102,53,21,23.03814028,76.11021529,6.913678684,91.49697481,cotton,Kharif,black,Tamil Nadu
110,39,18,24.54795322,75.39752705,7.766259769,63.88079866,cotton,Kharif,loamy,Maharashtra
107,58,15,23.73868041,75.77503808,7.55606399,76.63669195,cotton,Kharif,red,Uttar Pradesh
120,60,15,22.31871914,83.86129998,7.288377241,65.35747011,cotton,Kharif,sandy,Punjab
89,47,38,25.52468965,72.24850829,6.002524871,151.8869972,jute,Kharif,clay,Maharashtra
60,37,39,26.59104992,82.94164078,6.033485257,161.2469997,jute,Kharif,black,Karnataka
63,41,45,25.29781791,86.8870535,7.121933579,196.6249511,jute,Kharif,loamy,Karnataka
86,40,39,25.72100868,88.16513579,6.207459637,175.6086697,jute,Kharif,loamy,Tamil Nadu
96,41,40,23.58419277,72.00460848,6.090060478,190.4242157,jute,Kharif,black,Tamil Nadu
100,35,36,25.31042337,72.01364411,6.346715209,190.5577618,jute,Kharif,sandy,Maharashtra
63,37,43,23.41798979,85.08640476,6.661957897,185.7446728,jute,Kharif,black,Maharashtra
70,43,40,24.35564134,88.80391021,6.176860192,169.1168028,jute,Kharif,black,Karnataka
67,55,44,26.284017,75.14640198,7.251847296,182.2685447,jute,Kharif,sandy,Punjab
74,40,40,25.13842773,83.12053888,6.386259978,169.3388465,jute,Kharif,sandy,Uttar Pradesh
89,53,44,24.88692811,71.91711523,7.319735475,150.2498675,jute,Kharif,red,Tamil Nadu
74,46,45,25.75734909,88.36668522,6.025028997,189.4263485,jute,Kharif,sandy,Karnataka
89,41,38,23.12844351,74.68322732,6.344751947,199.8362913,jute,Kharif,loamy,Karnataka
60,55,40,24.9949957,88.95692783,7.02777956,151.4935635,jute,Kharif,sandy,Uttar Pradesh
67,43,38,25.21622704,70.88259632,7.299304715,195.8645552,jute,Kharif,clay,Karnataka
70,38,35,24.39736241,79.26861738,7.014063944,164.2697011,jute,Kharif,black,Maharashtra
74,49,38,23.31410442,71.4509053,7.488014404,164.4970373,jute,Kharif,loamy,Punjab
90,40,39,25.72668885,81.86171563,6.626503893,191.9649389,jute,Kharif,black,Maharashtra
82,35,44,26.96656378,78.21047693,6.239011,169.8391177,jute,Kharif,black,Maharashtra
73,45,37,23.70467146,74.63745355,6.742688094,181.2783964,jute,Kharif,black,Maharashtra
85,53,38,24.90075709,73.84186449,6.588017308,153.8990984,jute,Kharif,loamy,Karnataka
81,56,36,23.39605743,72.60512854,7.097586415,174.7876411,jute,Kharif,loamy,Punjab
84,55,38,26.8748389,79.78725152,6.956682743,173.1017097,jute,Kharif,loamy,Tamil Nadu
80,45,42,23.1426498,74.99739774,7.380396262,151.9035477,jute,Kharif,loamy,Tamil Nadu
76,54,45,24.29496635,77.62976013,6.176618831,184.9800516,jute,Kharif,black,Maharashtra
76,56,39,24.39459498,89.89106506,6.551130445,197.1220049,jute,Kharif,loamy,Karnataka
81,40,45,25.7629429,80.76238215,6.427726565,174.5071843,jute,Kharif,clay,Punjab
76,44,45,25.4879684,84.48235878,6.740947635,168.7848886,jute,Kharif,loamy,Tamil Nadu
69,47,40,25.37122686,76.2403666,6.130136384,183.8270791,jute,Kharif,loamy,Karnataka
82,40,45,26.21312799,81.70476368,6.667633355,180.1237765,jute,Kharif,loamy,Punjab
69,57,35,24.30748599,78.54340987,6.186814392,186.2337571,jute,Kharif,loamy,Uttar Pradesh
81,36,38,23.76554749,87.98329901,6.334837865,150.3166152,jute,Kharif,clay,Punjab
67,60,38,24.79853023,78.53037059,7.16214284,162.2847429,jute,Kharif,clay,Karnataka
72,51,40,23.20683504,74.09956958,7.422318499,199.4766779,jute,Kharif,sandy,Tamil Nadu
65,39,45,23.66805429,70.89000744,6.768001309,184.4633281,jute,Kharif,clay,Maharashtra
78,50,43,25.12417673,85.72530641,6.348441469,159.5718087,jute,Kharif,sandy,Uttar Pradesh
77,52,41,23.89069041,83.46409075,6.097294061,167.7230632,jute,Kharif,sandy,Maharashtra
89,52,42,23.09433785,81.45139295,6.14132902,196.6587013,jute,Kharif,red,Maharashtra
62,49,37,24.21744605,82.85284045,7.479248124,166.1365886,jute,Kharif,loamy,Karnataka
90,48,45,24.06475727,71.31342851,6.509174789,153.6390212,jute,Kharif,red,Tamil Nadu
66,47,36,24.85441411,74.4407048,6.57256106,175.572958,jute,Kharif,loamy,Karnataka
80,52,39,26.41915161,76.85691248,7.165696848,197.2101782,jute,Kharif,clay,Tamil Nadu
89,52,45,24.89326318,77.01222585,7.207457208,196.469984,jute,Kharif,clay,Maharashtra
77,51,44,23.25583402,82.7015932,7.124333547,166.2160846,jute,Kharif,black,Maharashtra
94,37,41,24.7634518,87.06071115,6.463538707,179.1630865,jute,Kharif,black,Maharashtra
75,41,35,24.97042599,78.62697699,6.856833064,166.6415254,jute,Kharif,red,Uttar Pradesh
60,55,36,26.12797248,80.49172597,7.132389299,150.6326874,jute,Kharif,sandy,Tamil Nadu
62,56,35,25.97825807,81.65769588,6.235357638,163.3488091,jute,Kharif,red,Tamil Nadu
84,40,42,26.2830571,73.35763537,6.704273839,186.6898282,jute,Kharif,clay,Maharashtra
100,56,40,26.38905406,83.31240346,7.433313409,176.1516409,jute,Kharif,black,Tamil Nadu
75,56,44,25.2746335,73.7459581,6.109478059,168.0432282,jute,Kharif,black,Karnataka
78,46,42,23.09499564,78.45959697,7.095413294,155.3851533,jute,Kharif,black,Maharashtra
82,48,36,25.79351957,81.76904006,6.352076783,193.2418382,jute,Kharif,clay,Tamil Nadu
100,58,41,23.17403323,87.88255345,6.658769991,160.6217342,jute,Kharif,sandy,Tamil Nadu
88,50,40,25.63215038,79.95150917,7.051822472,182.2582277,jute,Kharif,black,Karnataka
67,41,40,25.848795,87.81661683,7.333143205,152.6194403,jute,Kharif,loamy,Karnataka
72,42,43,26.56767277,80.90424543,6.352771037,181.2915605,jute,Kharif,sandy,Karnataka
89,40,43,26.24532085,72.97198375,7.124050134,189.9711184,jute,Kharif,clay,Uttar Pradesh
89,57,43,26.91515043,73.19897535,6.998787171,177.2233048,jute,Kharif,black,Punjab
61,41,44,24.36972377,82.11319791,6.537914958,159.9210934,jute,Kharif,black,Maharashtra
79,45,43,25.71901283,79.15532398,7.171054239,187.1735424,jute,Kharif,black,Karnataka
84,40,43,25.01157559,88.3313023,7.228268228,169.4168014,jute,Kharif,loamy,Punjab
98,43,35,25.40785911,76.44048625,7.319952206,188.6372826,jute,Kharif,loamy,Punjab
75,36,44,23.28081,74.27607475,6.613341343,153.7447398,jute,Kharif,clay,Uttar Pradesh
89,58,35,23.98651719,82.09053379,6.096838784,167.0576456,jute,Kharif,red,Karnataka
91,41,37,24.48556447,83.20630007,6.132570523,192.2316221,jute,Kharif,sandy,Karnataka
77,48,36,25.86705009,84.09985284,7.36008498,154.8390847,jute,Kharif,sandy,Maharashtra
66,58,35,23.5643831,79.46283115,7.321619041,185.25947,jute,Kharif,clay,Tamil Nadu
62,59,41,24.2248758,74.89465426,7.175170657,192.4931257,jute,Kharif,sandy,Maharashtra
82,35,35,25.49386782,86.97061481,7.299076163,176.5268267,jute,Kharif,clay,Maharashtra
61,41,35,24.97178693,79.47557931,6.842966479,195.7571622,jute,Kharif,red,Maharashtra
99,57,38,24.80624984,82.09281674,6.356295568,156.3616174,jute,Kharif,clay,Uttar Pradesh
70,42,43,23.16814977,76.66724969,6.508342839,157.1215052,jute,Kharif,red,Uttar Pradesh
90,59,35,24.25133493,89.86454053,7.098227926,175.1742112,jute,Kharif,clay,Uttar Pradesh
73,43,42,26.58361011,78.00774772,6.310699968,154.8238864,jute,Kharif,red,Punjab
67,46,44,26.82489244,78.20392774,7.093328631,153.9199807,jute,Kharif,loamy,Maharashtra
84,37,42,25.49674786,81.13449097,6.691074249,169.9288234,jute,Kharif,loamy,Uttar Pradesh
72,41,36,24.09874353,80.57226761,6.187746776,176.8604109,jute,Kharif,clay,Uttar Pradesh
71,56,37,23.18866654,86.20899734,6.491506245,176.103677,jute,Kharif,clay,Punjab
64,53,38,26.24347471,78.51063754,6.855362875,183.4065252,jute,Kharif,sandy,Karnataka
65,54,39,23.75091572,71.14782585,7.124571593,160.0889553,jute,Kharif,red,Karnataka
60,58,37,26.13871511,79.1188943,6.067302109,171.4892533,jute,Kharif,sandy,Maharashtra
86,39,43,26.14576648,71.23690851,6.432051512,193.1007598,jute,Kharif,black,Punjab
90,50,44,26.91643698,73.48655995,6.253408852,171.4716375,jute,Kharif,red,Maharashtra
91,38,36,26.5232969,77.17331847,7.287318723,157.8548562,jute,Kharif,sandy,Tamil Nadu
87,48,38,23.81579631,80.94023552,7.161865733,190.312216,jute,Kharif,loamy,Maharashtra
72,41,36,26.50838667,86.84264005,6.065898283,152.9801697,jute,Kharif,red,Uttar Pradesh
71,54,35,26.63952463,70.95705996,7.311077075,199.3355744,jute,Kharif,red,Uttar Pradesh
82,46,41,23.3250131,79.79609448,6.581693772,187.3096148,jute,Kharif,clay,Maharashtra
71,52,43,26.47549543,73.96164569,6.732826127,180.2513601,jute,Kharif,black,Uttar Pradesh
80,43,43,23.78756036,74.36794079,6.014572075,172.6442654,jute,Kharif,clay,Karnataka
77,55,43,25.49941707,75.99987588,6.663559451,193.7141828,jute,Kharif,sandy,Tamil Nadu
95,57,41,23.24925555,73.65346838,6.434610995,184.7674863,jute,Kharif,loamy,Punjab
63,47,35,26.98582182,89.05587886,7.432768147,193.8778713,jute,Kharif,red,Tamil Nadu
93,43,38,23.61475336,86.14290267,6.987332927,150.2355238,jute,Kharif,sandy,Karnataka
87,44,43,23.87484465,86.79261344,6.718725189,177.5147313,jute,Kharif,sandy,Tamil Nadu
88,52,39,23.92887902,88.07112278,6.880204617,154.6608736,jute,Kharif,red,Tamil Nadu
90,39,37,24.81441246,81.68688879,6.86106911,190.7886386,jute,Kharif,black,Punjab
90,39,43,24.44743944,82.286484,6.7693455,190.9684885,jute,Kharif,red,Karnataka
84,38,43,26.57421679,73.81994896,7.26158085,159.3223075,jute,Kharif,red,Maharashtra
91,21,26,26.33377983,57.36469955,7.261313694,191.6549412,coffee,Perennial,sandy,Punjab
107,21,26,26.45288458,55.32222678,7.235070264,144.6861336,coffee,Perennial,sandy,Tamil Nadu
83,38,35,25.70822684,52.88667115,7.18915558,136.7325092,coffee,Perennial,black,Karnataka
108,24,31,24.12832546,56.18107663,6.431899748,147.2757818,coffee,Perennial,loamy,Tamil Nadu
116,28,34,23.44372334,60.39523266,6.42321105,122.2103248,coffee,Perennial,red,Tamil Nadu
116,23,25,23.4123707,52.26994674,6.869720196,139.3670753,coffee,Perennial,black,Uttar Pradesh
109,31,27,23.05951896,50.40609436,6.973839707,164.4971875,coffee,Perennial,red,Karnataka
89,25,34,23.07895447,63.65861483,7.184801627,129.8765443,coffee,Perennial,sandy,Punjab
118,18,32,27.6496114,51.11044023,6.351823783,122.8392822,coffee,Perennial,clay,Punjab
111,32,34,25.46743689,69.35161206,6.392048018,171.3764462,coffee,Perennial,sandy,Tamil Nadu
84,36,28,26.7350622,55.55164819,6.119892347,140.6305213,coffee,Perennial,sandy,Punjab
85,33,25,26.20811417,52.50987966,6.910823945,189.0944824,coffee,Perennial,black,Karnataka
99,15,27,27.0424167,57.27927475,6.501157208,165.6872119,coffee,Perennial,red,Tamil Nadu
81,30,31,24.65090184,51.93952357,7.027585559,135.1386537,coffee,Perennial,clay,Uttar Pradesh
95,39,29,27.35152643,55.99375012,7.13411409,148.9812525,coffee,Perennial,sandy,Punjab
81,34,30,25.17787724,62.26244581,6.647765997,135.0119649,coffee,Perennial,clay,Karnataka
80,15,28,23.11438731,68.00096043,6.703270635,161.8944624,coffee,Perennial,sandy,Uttar Pradesh
104,20,26,27.22783677,52.95261751,7.493191968,175.7260273,coffee,Perennial,clay,Maharashtra
109,29,28,23.26316991,60.5160021,6.724688503,194.1755471,coffee,Perennial,sandy,Uttar Pradesh
100,32,26,25.234661,57.53161469,6.043485685,124.2261737,coffee,Perennial,loamy,Maharashtra
100,24,28,25.59535262,57.72920846,7.101661011,195.7733251,coffee,Perennial,loamy,Tamil Nadu
83,21,28,25.5674832,60.49244602,7.466900683,190.2257843,coffee,Perennial,sandy,Maharashtra
120,23,28,25.67324193,51.29043632,6.877799264,196.2736367,coffee,Perennial,black,Tamil Nadu
104,26,30,24.40726724,62.65692638,6.410992833,148.6977358,coffee,Perennial,red,Tamil Nadu
108,33,31,23.69287069,66.76090123,7.393825704,144.6576424,coffee,Perennial,clay,Tamil Nadu
91,25,26,24.53460016,66.99765375,7.482414225,180.5059257,coffee,Perennial,black,Maharashtra
86,26,27,27.13140403,52.89368299,6.081172981,192.4280381,coffee,Perennial,sandy,Maharashtra
98,18,27,27.56088634,68.49299897,6.516312148,167.4358075,coffee,Perennial,clay,Karnataka
111,27,31,23.59302313,55.27564977,6.043330951,191.3980675,coffee,Perennial,clay,Uttar Pradesh
84,39,35,23.17714381,52.13864034,6.959404135,117.3113562,coffee,Perennial,sandy,Punjab
98,27,27,24.71384065,51.29142534,7.238109556,197.6439711,coffee,Perennial,red,Maharashtra
118,21,34,24.38534644,64.72543073,7.234258375,119.6324109,coffee,Perennial,red,Tamil Nadu
103,27,31,27.15998538,51.59100753,6.691541233,126.1752206,coffee,Perennial,loamy,Uttar Pradesh
82,24,33,26.53543168,67.09608099,6.809593554,120.6494434,coffee,Perennial,red,Maharashtra
86,31,35,27.01207284,60.76645256,6.485761419,191.4508931,coffee,Perennial,loamy,Uttar Pradesh
88,35,35,27.55906475,58.45742907,6.784460602,117.9389993,coffee,Perennial,sandy,Punjab
84,27,29,23.32293161,53.00366334,7.167092586,168.2644287,coffee,Perennial,red,Punjab
120,40,33,24.23850608,54.30329632,6.73410539,115.1564012,coffee,Perennial,red,Tamil Nadu
106,40,30,23.42611644,64.10651528,6.779984384,122.6847408,coffee,Perennial,black,Karnataka
113,21,33,26.02241444,55.83288958,7.277422738,176.9020924,coffee,Perennial,sandy,Tamil Nadu
117,34,25,24.83846178,56.7685316,7.21270048,124.4135035,coffee,Perennial,black,Uttar Pradesh
80,30,25,26.24092174,65.64381357,7.487266991,148.3771202,coffee,Perennial,sandy,Tamil Nadu
88,21,27,24.43011925,66.02411187,7.231166546,181.6368274,coffee,Perennial,black,Tamil Nadu
113,33,34,26.00373964,62.1445102,6.559817161,153.477776,coffee,Perennial,black,Uttar Pradesh
87,23,28,26.22367404,62.26594559,6.979590627,193.7461968,coffee,Perennial,loamy,Uttar Pradesh
113,15,29,27.09617155,63.55324262,6.779230041,190.2440566,coffee,Perennial,red,Punjab
98,29,30,25.64004392,61.03273481,6.217974349,199.4735636,coffee,Perennial,clay,Punjab
97,29,27,27.74576987,54.36976075,7.205078785,139.8619431,coffee,Perennial,sandy,Karnataka
85,35,32,26.24928198,54.28617819,6.854011265,133.1120232,coffee,Perennial,sandy,Punjab
82,29,35,26.67377159,52.24226285,6.246872394,156.1543898,coffee,Perennial,clay,Tamil Nadu
103,33,25,27.10210397,55.7497332,6.911066044,139.5013171,coffee,Perennial,red,Punjab
112,17,28,27.62975458,61.26002598,6.777417989,196.6492664,coffee,Perennial,loamy,Karnataka
99,19,33,27.5364547,55.51673151,6.273741983,130.6377143,coffee,Perennial,clay,Maharashtra
120,20,34,23.56960509,50.56339727,6.906124587,130.3797119,coffee,Perennial,sandy,Uttar Pradesh
114,27,28,24.99451759,57.93250202,7.162802357,192.8736822,coffee,Perennial,black,Karnataka
100,40,35,27.56441788,54.41094079,6.955787351,177.816092,coffee,Perennial,black,Punjab
108,35,25,23.98143338,61.10935084,6.971963169,161.5279095,coffee,Perennial,loamy,Punjab
115,31,30,24.22984659,67.37768353,6.840927967,122.4073418,coffee,Perennial,loamy,Karnataka
87,28,30,25.60153969,68.66257977,6.536676653,168.8383605,coffee,Perennial,clay,Maharashtra
82,24,26,24.31274458,53.57285558,6.089443603,184.4103931,coffee,Perennial,black,Tamil Nadu
94,26,27,26.36629861,52.25738495,7.456460375,177.3176161,coffee,Perennial,red,Maharashtra
87,28,35,26.5602777,57.1621814,6.759211911,152.0616227,coffee,Perennial,red,Karnataka
118,40,35,26.35034208,58.50650238,7.460174812,121.5586297,coffee,Perennial,loamy,Tamil Nadu
87,38,29,25.20406808,57.88370456,6.652642579,156.1457255,coffee,Perennial,sandy,Punjab
92,40,30,23.35723208,55.18792166,6.026287448,171.6976946,coffee,Perennial,clay,Maharashtra
97,22,26,23.60567546,59.68849145,6.074190142,185.1568059,coffee,Perennial,sandy,Tamil Nadu
99,40,32,24.18471151,69.94807345,7.045543056,163.2708732,coffee,Perennial,sandy,Maharashtra
89,28,33,26.44414097,53.83876189,6.993236001,175.3723314,coffee,Perennial,black,Tamil Nadu
112,39,29,26.12492233,63.37479229,6.726528895,147.8035305,coffee,Perennial,loamy,Maharashtra
111,28,26,27.77363343,64.47858698,6.937352845,192.7121236,coffee,Perennial,loamy,Uttar Pradesh
114,20,26,25.55656667,62.67087838,7.27905689,193.5866233,coffee,Perennial,sandy,Karnataka
117,26,30,27.92374437,67.96910852,7.079850922,115.2325531,coffee,Perennial,black,Uttar Pradesh
111,29,31,26.05968403,52.31098539,6.136286518,161.3432535,coffee,Perennial,red,Tamil Nadu
119,30,28,26.35770906,64.57578034,6.505203696,163.6269496,coffee,Perennial,black,Uttar Pradesh
116,40,33,24.91370487,54.15319242,7.042089492,129.5481144,coffee,Perennial,clay,Uttar Pradesh
95,37,35,27.31317116,68.4233391,6.348337519,192.4288139,coffee,Perennial,black,Punjab
86,40,33,26.1387869,52.26311691,7.432322234,136.3027766,coffee,Perennial,sandy,Karnataka
117,37,32,23.1069385,67.06230539,6.787658922,162.5769606,coffee,Perennial,clay,Karnataka
105,18,35,23.52648086,68.44030686,6.743417121,171.8839938,coffee,Perennial,red,Tamil Nadu
109,23,25,25.11711046,68.48030408,7.00733163,194.8773479,coffee,Perennial,loamy,Maharashtra
80,18,31,24.02952505,58.84880599,7.303033217,134.6803969,coffee,Perennial,red,Maharashtra
101,31,26,26.70897548,69.71184111,6.861235184,158.8608887,coffee,Perennial,black,Maharashtra
103,33,33,26.71717393,50.50148528,7.131435858,126.8073984,coffee,Perennial,clay,Maharashtra
93,26,27,24.59245684,56.46829641,7.288211994,137.7044047,coffee,Perennial,red,Maharashtra
104,35,28,27.51006055,50.66687215,6.983732393,143.9955548,coffee,Perennial,red,Tamil Nadu
116,36,25,27.57847581,58.52534263,6.172090205,156.6810374,coffee,Perennial,clay,Karnataka
107,38,29,26.65069302,57.56695719,6.35118177,145.105065,coffee,Perennial,sandy,Uttar Pradesh
101,33,33,26.97251562,62.0183627,6.908671379,142.8610793,coffee,Perennial,clay,Karnataka
107,31,31,23.17124551,52.97841162,6.766184468,153.1201644,coffee,Perennial,sandy,Uttar Pradesh
99,16,30,23.52652084,65.44340921,6.392791654,186.1728203,coffee,Perennial,clay,Tamil Nadu
103,40,30,27.30901814,55.196224,6.348316257,141.4831644,coffee,Perennial,loamy,Uttar Pradesh
118,31,34,27.54823036,62.88179198,6.123796057,181.4170812,coffee,Perennial,sandy,Uttar Pradesh
106,21,35,25.627355,57.04151119,7.428523634,188.5506536,coffee,Perennial,sandy,Tamil Nadu
116,38,34,23.29250318,50.04557009,6.020947179,183.468585,coffee,Perennial,sandy,Tamil Nadu
97,35,26,24.91461008,53.74144743,6.334610249,166.2549307,coffee,Perennial,black,Karnataka
107,34,32,26.77463708,66.4132686,6.78006386,177.7745075,coffee,Perennial,red,Punjab
99,15,27,27.41711238,56.63636248,6.086922359,127.92461,coffee,Perennial,red,Tamil Nadu
118,33,30,24.13179691,67.22512329,6.362607851,173.3228386,coffee,Perennial,red,Tamil Nadu
117,32,34,26.2724184,52.12739421,6.758792552,127.1752928,coffee,Perennial,loamy,Uttar Pradesh
104,18,30,23.60301571,60.39647474,6.779832611,140.9370415,coffee,Perennial,clay,Uttar Pradesh
69,44,79,20.3182471,81.64053768,5.748235932,84.80843999,garlic,Perennial,clay,Maharashtra
59,46,74,31.46340518,78.26148671,6.807407676,93.7788076,garlic,Perennial,red,Karnataka
69,41,76,29.42578015,43.18593492,6.12825164,128.5632861,garlic,Perennial,clay,Punjab
63,33,88,34.12549337,61.71381664,5.82912475,53.86824656,garlic,Perennial,black,Uttar Pradesh
53,38,83,30.06245751,82.1956938,6.19705515,74.81635633,garlic,Perennial,sandy,Tamil Nadu
51,49,86,18.87175043,72.48868429,5.733633958,153.0946554,garlic,Perennial,black,Punjab
51,42,88,24.2205168,82.75053075,7.366148886,174.917285,garlic,Perennial,red,Karnataka
61,49,84,21.2689958,77.23528426,7.450391735,76.31176853,garlic,Perennial,sandy,Maharashtra
63,40,73,27.97625111,44.25077824,6.049050073,53.04427716,garlic,Perennial,sandy,Uttar Pradesh
53,39,89,34.69749334,66.13586451,6.301374374,169.5245347,garlic,Perennial,loamy,Tamil Nadu
57,39,74,17.94269577,49.81782731,6.192712874,70.00210402,garlic,Perennial,black,Tamil Nadu
57,49,89,33.05616735,63.49887936,5.814243553,40.90805882,garlic,Perennial,black,Maharashtra
64,44,78,27.75268563,66.86222716,6.879185871,58.02652217,garlic,Perennial,black,Uttar Pradesh
58,49,87,17.31360026,58.01524719,7.234725801,164.7338261,garlic,Perennial,loamy,Maharashtra
55,35,80,32.7273186,85.90094634,6.979145519,153.4841353,garlic,Perennial,black,Karnataka
70,40,87,18.85935292,51.4427649,5.800682231,61.86829392,garlic,Perennial,red,Tamil Nadu
58,33,87,31.13550986,40.05888758,7.349116194,150.3914245,garlic,Perennial,red,Maharashtra
70,43,81,22.03392022,63.71411198,7.008689363,174.2456568,garlic,Perennial,clay,Tamil Nadu
57,48,70,25.27442331,68.28684355,5.823248208,160.0285532,garlic,Perennial,clay,Maharashtra
53,44,74,28.66505874,52.06040796,6.347198966,134.3144299,garlic,Perennial,red,Punjab
56,43,89,15.22823855,78.69427446,7.493908131,181.2932387,garlic,Perennial,clay,Maharashtra
55,44,81,16.59529105,66.87951874,7.159043799,26.15193339,garlic,Perennial,sandy,Tamil Nadu
50,47,76,17.02074201,56.31780236,6.384804729,32.52027007,garlic,Perennial,loamy,Tamil Nadu
57,41,82,31.29127064,52.73394813,6.767934596,189.2331007,garlic,Perennial,clay,Tamil Nadu
69,43,74,34.17390055,84.9235023,5.589210267,187.0864879,garlic,Perennial,red,Tamil Nadu
52,30,80,26.90803621,84.64959999,5.916431316,152.8712106,garlic,Perennial,black,Maharashtra
62,43,74,24.7071668,81.91086328,6.256642812,199.8710227,garlic,Perennial,loamy,Punjab
62,39,82,32.02551571,56.66966982,6.245788212,39.04588454,garlic,Perennial,clay,Karnataka
58,44,80,34.53248236,78.19293576,7.17877809,106.9849558,garlic,Perennial,sandy,Punjab
51,35,82,22.98349755,74.71175005,7.475499363,121.7078637,garlic,Perennial,red,Punjab
57,42,72,18.71075065,56.00200877,6.298242114,90.59918908,garlic,Perennial,black,Tamil Nadu
53,47,90,29.96896058,75.37585632,6.998652726,131.6840129,garlic,Perennial,black,Karnataka
55,34,83,26.03307759,52.19630127,7.060262586,176.3242234,garlic,Perennial,clay,Tamil Nadu
56,43,72,23.70968431,87.71101203,7.189415468,118.184191,garlic,Perennial,loamy,Punjab
55,43,89,16.02739279,78.63031533,7.091305103,199.6742778,garlic,Perennial,red,Karnataka
64,43,90,22.84744574,72.00953515,6.111743327,37.49077594,garlic,Perennial,clay,Maharashtra
52,42,89,33.21217183,47.18052124,7.323754811,154.6129857,garlic,Perennial,loamy,Maharashtra
68,30,90,19.33825168,51.14417478,6.904997316,178.8392815,garlic,Perennial,sandy,Karnataka
63,48,74,27.70743645,45.7788717,6.958804783,170.2511547,garlic,Perennial,sandy,Karnataka
51,32,80,26.28869717,56.12408061,6.169842532,150.9398579,garlic,Perennial,loamy,Punjab
68,34,72,29.30173726,66.7235272,7.054831135,174.8735239,garlic,Perennial,clay,Tamil Nadu
56,41,73,30.88828712,57.54864824,6.585405484,193.9866504,garlic,Perennial,sandy,Uttar Pradesh
67,47,75,23.55639984,51.81948689,6.849555393,68.16981301,garlic,Perennial,sandy,Maharashtra
54,50,86,28.10337815,43.16878498,6.992173999,66.37876421,garlic,Perennial,clay,Punjab
59,41,90,15.91849181,44.5640586,5.651149843,76.10630942,garlic,Perennial,red,Uttar Pradesh
55,42,84,15.43065563,48.35882886,7.05863859,68.15068854,garlic,Perennial,sandy,Karnataka
59,33,89,32.53761333,67.54861594,6.201561391,114.6810626,garlic,Perennial,loamy,Uttar Pradesh
70,40,89,23.91259096,88.24872119,6.622611598,20.35089937,garlic,Perennial,loamy,Maharashtra
58,37,85,31.46192875,55.66047904,6.245497381,129.3476166,garlic,Perennial,sandy,Maharashtra
60,36,80,26.57189674,42.85853337,6.732779099,42.26364631,garlic,Perennial,black,Punjab
61,44,75,19.23312443,58.4247929,7.372574069,197.5786831,garlic,Perennial,sandy,Uttar Pradesh
56,40,76,15.63314302,62.53510524,5.994174727,127.1753706,garlic,Perennial,loamy,Maharashtra
61,44,75,24.17406327,80.90726404,6.684000642,56.01223041,garlic,Perennial,loamy,Maharashtra
57,42,80,19.21242122,60.34253269,5.781665034,32.92703881,garlic,Perennial,black,Punjab
57,49,90,23.76028308,88.44286487,7.363410335,143.4417234,garlic,Perennial,clay,Uttar Pradesh
56,42,77,33.47065042,61.23638461,6.540431957,86.92233234,garlic,Perennial,sandy,Punjab
62,45,90,33.3988622,81.14922109,5.679338289,122.1757009,garlic,Perennial,loamy,Uttar Pradesh
59,49,70,20.97783793,69.90511224,6.325441319,115.7141838,garlic,Perennial,red,Uttar Pradesh
61,32,88,24.2095509,43.05048505,6.423657249,141.3513972,garlic,Perennial,black,Tamil Nadu
65,32,74,16.60546178,51.86150141,7.304176628,137.4556523,garlic,Perennial,clay,Uttar Pradesh
67,38,73,32.89470811,41.97013929,6.839277684,104.1798082,garlic,Perennial,black,Tamil Nadu
56,37,79,25.41566811,57.39641323,6.857777818,113.8518164,garlic,Perennial,black,Maharashtra
60,50,82,16.12962379,75.98437954,6.441449609,92.43752234,garlic,Perennial,sandy,Maharashtra
50,40,70,32.45152843,85.3553626,6.803960232,122.9959373,garlic,Perennial,clay,Karnataka
52,36,84,21.2781985,73.455661,6.964431909,134.2550789,garlic,Perennial,sandy,Uttar Pradesh
64,35,89,16.38841753,78.25239915,7.207602568,100.628008,garlic,Perennial,clay,Karnataka
61,31,76,15.46740854,59.11895926,5.763471637,61.7230029,garlic,Perennial,red,Punjab
57,37,89,21.51364032,75.14047628,7.331101887,142.1945917,garlic,Perennial,sandy,Punjab
64,44,80,25.03091981,61.48324422,6.15742649,121.7284079,garlic,Perennial,loamy,Maharashtra
69,39,73,17.95145221,66.21992999,5.771828342,167.660255,garlic,Perennial,red,Uttar Pradesh
58,36,72,25.57628462,70.64092171,5.646867468,151.7089994,garlic,Perennial,red,Punjab
58,39,75,23.5952465,58.89899363,6.61607542,152.475047,garlic,Perennial,black,Maharashtra
58,44,71,30.59012514,45.7730115,6.467213914,186.5212676,garlic,Perennial,sandy,Uttar Pradesh
64,37,72,16.45281043,56.48888167,5.70157674,49.15819051,garlic,Perennial,red,Punjab
67,30,84,23.09204565,42.88511179,5.891549265,44.83071837,garlic,Perennial,clay,Tamil Nadu
63,30,82,26.77179702,41.97683066,7.247293609,134.1737696,garlic,Perennial,clay,Karnataka
59,32,80,30.53677953,56.07285703,5.857857778,36.31077464,garlic,Perennial,clay,Tamil Nadu
64,50,72,33.27098653,71.60944594,5.991869674,120.2765302,garlic,Perennial,black,Punjab
70,39,88,33.49812896,76.88651318,5.992251841,20.57526611,garlic,Perennial,red,Tamil Nadu
51,30,86,16.72549924,71.7622525,6.528708667,116.1960293,garlic,Perennial,black,Karnataka
53,39,88,32.47766938,51.77689773,7.025085576,160.2842848,garlic,Perennial,black,Karnataka
66,47,74,19.34480899,87.5848122,5.907843962,188.9498362,garlic,Perennial,clay,Uttar Pradesh
59,48,79,30.50017156,89.49099513,6.279532763,82.4538975,garlic,Perennial,clay,Karnataka
66,45,77,17.07198918,76.43003329,6.295147494,26.0803601,garlic,Perennial,loamy,Maharashtra
57,47,88,29.20641621,42.83355298,6.097997909,137.5854451,garlic,Perennial,loamy,Maharashtra
61,33,81,22.27125229,59.31111886,7.172924653,41.56249899,garlic,Perennial,loamy,Tamil Nadu
53,50,80,28.3718609,50.44513581,6.425175804,122.7496674,garlic,Perennial,loamy,Tamil Nadu
56,33,74,22.23618535,67.21141322,7.46177088,63.23209699,garlic,Perennial,black,Punjab
54,36,75,17.34488822,69.86339234,6.085257324,98.94121586,garlic,Perennial,black,Karnataka
67,32,78,27.84994676,48.55670425,5.742040213,43.53394203,garlic,Perennial,sandy,Tamil Nadu
67,39,71,23.83445386,88.27032953,6.078313797,79.56971102,garlic,Perennial,black,Tamil Nadu
59,41,75,20.44337285,64.65093507,7.015934703,76.38786874,garlic,Perennial,clay,Tamil Nadu
65,39,77,21.42291297,87.89547373,6.64446505,139.7649969,garlic,Perennial,black,Tamil Nadu
70,38,88,27.08672271,60.38078069,7.17682303,58.70934965,garlic,Perennial,black,Uttar Pradesh
55,50,80,33.42880497,41.24531323,6.362448886,132.7897116,garlic,Perennial,clay,Uttar Pradesh
51,48,87,15.99729679,57.30064349,6.724849278,148.4711254,garlic,Perennial,black,Karnataka
67,49,75,32.8070942,76.78311421,5.665412172,74.31127431,garlic,Perennial,sandy,Tamil Nadu
52,37,78,22.06643816,65.51665243,6.501634177,192.7357689,garlic,Perennial,black,Uttar Pradesh
68,39,73,25.8129648,57.71564103,6.665007472,140.5063544,garlic,Perennial,sandy,Tamil Nadu
63,31,77,26.42614086,43.80837535,5.731196513,70.43751988,garlic,Perennial,black,Uttar Pradesh
102,45,103,29.09342632,53.32240105,7.300982987,90.56261614,potato,Perennial,red,Karnataka
101,59,90,19.68233689,56.62919748,7.192968684,82.95369254,potato,Perennial,clay,Punjab
95,47,110,23.60373383,53.06481978,5.922907641,70.73174169,potato,Perennial,clay,Uttar Pradesh
105,43,108,25.29427652,88.13793757,7.095554542,147.5022833,potato,Perennial,loamy,Punjab
110,46,96,32.10574386,89.43316201,6.335396619,177.4154052,potato,Perennial,black,Maharashtra
94,44,94,29.4774048,45.22708044,6.255395582,71.59136376,potato,Perennial,black,Tamil Nadu
106,53,96,32.99919753,86.49440473,6.838888539,113.1984925,potato,Perennial,sandy,Punjab
106,59,107,17.93265676,77.41547737,6.604615298,45.90061451,potato,Perennial,black,Karnataka
108,58,103,31.43903173,72.63696486,7.000913409,43.75133823,potato,Perennial,black,Punjab
110,59,100,21.55750705,47.87827734,5.530931469,108.2151828,potato,Perennial,black,Maharashtra
105,55,104,18.6254681,61.47780654,6.931789092,89.72920867,potato,Perennial,black,Punjab
110,57,108,29.95944093,42.36689012,6.865024938,138.3746938,potato,Perennial,black,Maharashtra
90,43,104,34.68065368,46.7455839,7.024344033,189.80935,potato,Perennial,black,Punjab
101,48,110,24.23913059,78.05101681,6.310896046,39.38757946,potato,Perennial,red,Tamil Nadu
101,54,101,29.88385948,75.00780984,6.68171858,183.3337498,potato,Perennial,loamy,Maharashtra
93,46,105,26.01904103,79.87595825,6.880599543,121.0659212,potato,Perennial,black,Uttar Pradesh
94,44,103,18.60206793,58.41597744,6.931063279,72.47754824,potato,Perennial,loamy,Maharashtra
108,60,93,26.26035832,55.60185006,6.133937668,128.9082897,potato,Perennial,clay,Maharashtra
92,59,102,18.48078916,67.313366,5.557391199,130.3420445,potato,Perennial,red,Punjab
98,53,104,22.42816426,77.73258097,6.517745498,82.09187041,potato,Perennial,black,Uttar Pradesh
91,52,109,18.5080648,46.77046208,6.574805439,173.8273632,potato,Perennial,black,Punjab
98,48,95,24.46607062,87.54533744,5.598773554,95.01484541,potato,Perennial,loamy,Karnataka
100,44,110,33.92764727,84.07616291,7.34498028,137.1730004,potato,Perennial,red,Karnataka
103,44,99,24.89127613,78.67819371,5.579951942,111.5026112,potato,Perennial,black,Maharashtra
96,47,96,26.64625481,67.195116,5.877903928,37.40241562,potato,Perennial,sandy,Tamil Nadu
93,56,96,30.23768324,80.93977793,7.232444148,188.6918811,potato,Perennial,loamy,Uttar Pradesh
104,57,103,22.90081531,47.68694242,7.117541383,20.60232472,potato,Perennial,red,Maharashtra
93,43,95,34.03640756,62.42690443,6.602662521,27.18211726,potato,Perennial,clay,Karnataka
91,60,101,31.05791343,77.15237794,5.647609292,133.5851654,potato,Perennial,sandy,Maharashtra
100,47,104,15.74795117,80.81056008,5.702043839,167.6325294,potato,Perennial,loamy,Karnataka
91,48,109,21.70107003,71.33654563,5.893880115,179.8423514,potato,Perennial,clay,Karnataka
96,56,110,34.81749468,43.23967985,6.795590851,178.1471352,potato,Perennial,loamy,Tamil Nadu
91,45,99,32.30457187,41.13790942,5.805525475,68.90166449,potato,Perennial,sandy,Karnataka
95,50,110,24.95196558,61.33356263,6.338569614,44.4221135,potato,Perennial,red,Uttar Pradesh
91,59,107,33.69647056,81.81972506,6.27276548,35.43454964,potato,Perennial,loamy,Karnataka
96,44,97,17.42805743,89.11937519,6.752669916,33.6690779,potato,Perennial,clay,Tamil Nadu
92,43,91,29.80654296,60.71663018,6.001867904,79.04036115,potato,Perennial,loamy,Maharashtra
95,44,98,31.94828345,67.06506529,6.254055918,162.1110631,potato,Perennial,black,Karnataka
102,50,104,17.09627279,51.36754043,6.538141844,65.42888107,potato,Perennial,loamy,Tamil Nadu
101,47,96,18.8135358,76.59758288,5.840408265,83.12971016,potato,Perennial,loamy,Punjab
105,59,102,34.79612383,43.42701085,6.425075535,138.1954087,potato,Perennial,black,Punjab
98,56,109,26.39285534,47.4556498,6.850532276,123.3638085,potato,Perennial,red,Karnataka
92,49,103,32.33278286,61.31767569,7.271577315,123.1984241,potato,Perennial,black,Punjab
109,44,91,25.15213568,48.97174712,7.047052623,131.8574339,potato,Perennial,loamy,Uttar Pradesh
102,52,104,17.46116141,70.20480367,7.003044386,184.637588,potato,Perennial,sandy,Uttar Pradesh
97,59,107,29.52390293,54.73993197,5.962545138,27.50489526,potato,Perennial,black,Punjab
105,56,100,33.0191105,83.09697653,5.561906584,27.63488274,potato,Perennial,clay,Karnataka
106,56,100,16.43637318,72.84665745,5.597492244,175.2214234,potato,Perennial,clay,Maharashtra
101,53,93,16.50734309,64.9076865,5.676828774,102.5048973,potato,Perennial,sandy,Maharashtra
93,47,101,17.85777599,48.35927533,6.298644209,102.4390623,potato,Perennial,clay,Uttar Pradesh
100,52,104,22.0715176,79.0377389,7.156886943,27.78610319,potato,Perennial,loamy,Tamil Nadu
99,54,93,17.20161649,44.306008,6.007632092,173.305012,potato,Perennial,loamy,Tamil Nadu
99,52,97,23.75315252,87.36120799,6.407245412,58.8838785,potato,Perennial,clay,Punjab
98,57,90,18.79458696,41.54105282,6.964010984,50.29859438,potato,Perennial,loamy,Tamil Nadu
102,43,100,18.82048824,65.42904816,5.572966812,133.7759462,potato,Perennial,black,Karnataka
94,57,109,15.87724683,58.58503366,5.993289456,111.8364031,potato,Perennial,clay,Tamil Nadu
95,59,104,22.2845646,55.78530114,7.419885659,146.9549252,potato,Perennial,loamy,Tamil Nadu
96,48,108,15.73836251,58.11327334,6.78828606,155.3698078,potato,Perennial,sandy,Punjab
110,50,103,30.97297301,52.48364866,6.583686503,166.0574002,potato,Perennial,clay,Karnataka
91,54,92,16.69531125,76.12239557,7.31375423,173.9693054,potato,Perennial,clay,Punjab
96,49,107,18.83500139,65.00873161,6.63541444,93.19703041,potato,Perennial,black,Uttar Pradesh
95,43,109,15.78277232,72.3574445,6.44806459,38.33164427,potato,Perennial,black,Punjab
104,59,96,21.32104301,55.07017273,7.059529389,27.05879419,potato,Perennial,loamy,Tamil Nadu
109,50,98,24.28313381,41.13531874,6.856849539,113.8173043,potato,Perennial,black,Karnataka
96,48,91,21.08783889,83.08811321,5.802940354,138.8508894,potato,Perennial,black,Punjab
93,57,92,20.27705757,81.98483638,7.318692093,180.6871308,potato,Perennial,red,Maharashtra
99,55,94,33.71774822,53.0565629,5.580357805,41.16714981,potato,Perennial,clay,Punjab
105,58,108,23.94478102,54.00900187,6.809699431,70.61450274,potato,Perennial,red,Tamil Nadu
96,51,93,25.39827378,68.69252689,7.121469168,140.6666242,potato,Perennial,sandy,Uttar Pradesh
104,51,105,16.24551113,81.41591136,5.924991511,70.20196397,potato,Perennial,loamy,Uttar Pradesh
108,47,96,16.96471706,81.29643266,6.106867416,42.281526,potato,Perennial,sandy,Maharashtra
98,54,91,33.6600709,50.75389728,5.609627151,154.1671004,potato,Perennial,black,Punjab
93,41,108,20.51422479,56.46476149,5.597611036,168.2972769,potato,Perennial,loamy,Tamil Nadu
91,48,96,18.64154283,86.18134618,5.50727609,198.7397614,potato,Perennial,clay,Maharashtra
104,45,90,20.23469371,74.80191235,6.77694112,165.4765807,potato,Perennial,sandy,Uttar Pradesh
93,45,108,29.74737805,78.43147789,5.557134233,28.07131008,potato,Perennial,clay,Karnataka
90,41,96,34.10111419,83.76200268,6.227890083,84.05189254,potato,Perennial,red,Uttar Pradesh
107,46,106,27.8339669,57.41371587,6.731864903,109.5293798,potato,Perennial,loamy,Maharashtra
90,51,110,24.21909237,80.04529855,6.209848038,137.4728999,potato,Perennial,loamy,Punjab
94,48,99,18.86470089,84.7015251,7.07447812,177.1945784,potato,Perennial,loamy,Uttar Pradesh
110,40,109,17.33653011,67.97188522,6.829675571,32.64639272,potato,Perennial,loamy,Tamil Nadu
104,43,105,15.3679896,46.84589653,6.192535001,57.97490791,potato,Perennial,black,Uttar Pradesh
99,46,95,18.84252494,85.39028671,6.17857838,88.58145465,potato,Perennial,loamy,Maharashtra
92,41,97,31.50959952,88.53660958,5.80077118,20.59718848,potato,Perennial,loamy,Karnataka
104,51,109,20.71244088,46.20863418,5.768559346,39.7754668,potato,Perennial,sandy,Tamil Nadu
90,48,109,22.10318534,55.15826376,5.582413562,24.15001351,potato,Perennial,sandy,Tamil Nadu
100,41,101,22.55767478,77.46246405,7.080043963,152.2257175,potato,Perennial,clay,Tamil Nadu
100,57,110,30.30637228,43.84717466,6.901843473,41.24047056,potato,Perennial,red,Karnataka
98,45,109,20.08481616,41.72943853,6.693659884,110.4077512,potato,Perennial,sandy,Karnataka
106,51,109,21.94506787,42.23987316,7.030560974,53.74687607,potato,Perennial,clay,Uttar Pradesh
92,48,97,19.59477425,65.61466748,6.046204106,108.104685,potato,Perennial,sandy,Karnataka
104,51,110,26.18531662,58.41094214,7.414641414,186.4961993,potato,Perennial,black,Punjab
109,47,90,17.37443949,83.29068686,6.190601098,65.9858208,potato,Perennial,black,Tamil Nadu
90,58,95,33.49624084,87.30448232,5.554175466,90.3660094,potato,Perennial,loamy,Karnataka
98,42,96,15.40609531,69.97221788,6.757679566,175.8375341,potato,Perennial,loamy,Maharashtra
100,50,98,30.80788683,79.53705987,6.880677791,70.61794762,potato,Perennial,red,Uttar Pradesh
108,56,98,21.03001107,43.44503407,6.834099016,199.7061294,potato,Perennial,sandy,Tamil Nadu
98,51,100,27.12636638,78.4026785,6.705892894,123.3799998,potato,Perennial,black,Maharashtra
93,53,101,17.47668544,51.731897,6.035075295,85.25898119,potato,Perennial,sandy,Karnataka
109,56,99,23.63164805,68.46996582,5.665565711,163.2843666,potato,Perennial,black,Karnataka
49,36,45,24.79402715,74.96768592,6.311751682,108.0662539,coriander,Perennial,loamy,Tamil Nadu
53,37,38,21.50155163,46.61114792,6.012400488,123.5612986,coriander,Perennial,loamy,Uttar Pradesh
40,38,39,18.88271825,47.93056874,5.701773317,29.19240129,coriander,Perennial,loamy,Uttar Pradesh
48,34,48,26.74231234,66.01604403,5.573155721,21.40817515,coriander,Perennial,black,Karnataka
45,33,43,23.10045392,48.65688116,6.849227656,98.94961873,coriander,Perennial,loamy,Punjab
56,43,44,19.04290789,74.50698148,5.921926154,194.5719291,coriander,Perennial,clay,Karnataka
59,32,48,33.05926933,83.7853152,6.342014507,113.1873643,coriander,Perennial,loamy,Maharashtra
53,42,40,17.17244444,52.94892447,5.868981165,144.1907692,coriander,Perennial,clay,Maharashtra
47,37,31,31.31002885,55.50967352,5.999397246,120.3591337,coriander,Perennial,loamy,Uttar Pradesh
58,46,41,27.97333463,53.69652023,6.968734476,142.8993432,coriander,Perennial,sandy,Uttar Pradesh
48,47,31,18.34201994,52.25219204,6.835082526,32.43873227,coriander,Perennial,black,Uttar Pradesh
48,48,43,27.09499116,44.77497837,7.155183087,84.23750404,coriander,Perennial,sandy,Maharashtra
43,40,32,17.70790434,76.22120646,6.543774576,176.3957326,coriander,Perennial,sandy,Punjab
44,37,37,27.84464468,87.85181928,6.249953049,160.8111684,coriander,Perennial,clay,Karnataka
55,32,46,17.88759433,43.79522455,7.351461422,122.9822606,coriander,Perennial,sandy,Punjab
41,44,35,21.21655737,50.12583801,5.67772848,181.1592105,coriander,Perennial,sandy,Uttar Pradesh
42,50,38,24.6732116,48.24486517,6.4261104,198.4272068,coriander,Perennial,loamy,Uttar Pradesh
45,48,30,17.06846158,82.23377817,6.362421268,134.2827567,coriander,Perennial,black,Punjab
58,45,45,22.41899756,59.47059158,5.743784232,35.85703016,coriander,Perennial,clay,Tamil Nadu
58,38,41,27.06775835,46.26141934,6.376757463,184.569684,coriander,Perennial,red,Tamil Nadu
50,44,49,16.94267552,56.26606533,5.988189591,129.4560375,coriander,Perennial,red,Karnataka
44,39,47,18.36998641,79.72324885,7.494079829,194.6911707,coriander,Perennial,loamy,Tamil Nadu
54,47,47,25.6429482,68.0312622,6.558380397,60.36573814,coriander,Perennial,clay,Uttar Pradesh
54,40,47,30.87780316,88.32898292,7.103601977,97.73475809,coriander,Perennial,sandy,Uttar Pradesh
60,45,33,29.83178122,42.22861784,5.605160251,159.4856004,coriander,Perennial,black,Uttar Pradesh
45,36,48,29.52434126,67.08713141,7.294430423,177.483901,coriander,Perennial,loamy,Tamil Nadu
55,40,46,25.38797273,63.88476096,6.248560302,122.6086914,coriander,Perennial,red,Uttar Pradesh
49,40,31,21.92423975,46.24962345,7.02424324,44.80968135,coriander,Perennial,red,Uttar Pradesh
54,43,32,15.31206909,45.65164637,6.420902892,108.6274003,coriander,Perennial,clay,Karnataka
43,43,45,32.29707665,59.69711858,5.715582922,132.2170065,coriander,Perennial,sandy,Punjab
54,35,40,17.87781166,67.69285417,6.74034219,39.88421323,coriander,Perennial,sandy,Punjab
43,39,38,30.36750907,45.37454712,6.881360307,71.60521296,coriander,Perennial,sandy,Uttar Pradesh
54,36,44,24.79566655,83.65449671,6.137652567,111.2659139,coriander,Perennial,red,Punjab
54,35,35,22.10952553,81.60411776,7.041798988,177.5313545,coriander,Perennial,black,Tamil Nadu
60,30,37,29.52884322,83.19475112,5.923314236,196.7646612,coriander,Perennial,clay,Maharashtra
42,41,31,20.87541044,89.14257555,5.956013575,125.608102,coriander,Perennial,red,Karnataka
47,35,41,24.87371333,86.04645024,6.27312567,167.0169975,coriander,Perennial,clay,Maharashtra
56,34,36,34.35907728,74.28478554,6.503986348,125.6508396,coriander,Perennial,sandy,Uttar Pradesh
54,41,36,34.10582557,84.2999193,6.378018626,92.74740742,coriander,Perennial,clay,Karnataka
41,47,30,16.11356,88.06833439,5.848321404,124.4685739,coriander,Perennial,clay,Punjab
41,44,38,22.08060701,71.79708503,7.438665091,102.0052827,coriander,Perennial,loamy,Uttar Pradesh
40,46,44,27.9100517,56.14754998,6.176015374,31.95883942,coriander,Perennial,red,Tamil Nadu
41,36,50,31.85760841,87.70074579,6.479731201,164.4164677,coriander,Perennial,red,Punjab
43,32,30,31.48344547,41.6993033,5.655821814,47.23722317,coriander,Perennial,red,Maharashtra
54,37,36,32.9682104,84.42037959,6.841166567,86.0071329,coriander,Perennial,black,Punjab
44,39,50,22.13116339,41.00143568,6.579604433,90.96210463,coriander,Perennial,clay,Punjab
45,40,36,21.7142745,58.22659328,6.910746872,172.5996737,coriander,Perennial,clay,Uttar Pradesh
46,41,47,26.50091947,68.12993636,7.065931851,54.60946716,coriander,Perennial,loamy,Uttar Pradesh
55,46,47,15.97779819,53.39153776,6.399583191,155.8249063,coriander,Perennial,sandy,Maharashtra
51,42,50,33.5370683,87.99236104,5.95275617,94.34417357,coriander,Perennial,sandy,Punjab
43,43,43,19.51416764,52.71005059,7.492090788,38.78113602,coriander,Perennial,red,Karnataka
55,49,47,22.58282444,65.4080771,5.577672415,129.4783267,coriander,Perennial,red,Tamil Nadu
45,31,38,29.245311,53.24025021,7.422055262,85.88414801,coriander,Perennial,clay,Karnataka
44,35,46,16.41173282,80.32744421,7.303939736,146.2542869,coriander,Perennial,red,Karnataka
43,34,41,27.87905653,54.68434255,6.114630172,49.65713009,coriander,Perennial,loamy,Maharashtra
56,38,46,34.58040189,83.66990919,6.921945289,68.05625184,coriander,Perennial,sandy,Karnataka
54,39,50,25.79816151,43.97246921,7.011806715,161.7575343,coriander,Perennial,loamy,Maharashtra
56,32,49,26.6896079,84.54164509,7.490801043,152.6014267,coriander,Perennial,sandy,Uttar Pradesh
49,42,37,30.65217626,55.4860933,6.955412714,52.11749892,coriander,Perennial,clay,Punjab
40,43,32,19.86557487,54.20304202,6.476100733,170.7650448,coriander,Perennial,clay,Punjab
44,31,33,23.14750673,52.39418722,5.867487361,44.82820068,coriander,Perennial,red,Tamil Nadu
51,31,31,24.39144294,67.23520151,6.045113546,150.247356,coriander,Perennial,sandy,Maharashtra
52,35,45,18.20641702,54.42579918,7.121123842,24.0994187,coriander,Perennial,black,Karnataka
60,42,43,34.63590144,60.66543349,5.884515509,159.301073,coriander,Perennial,black,Punjab
54,46,42,27.78934765,73.57600456,6.135472692,153.1841288,coriander,Perennial,loamy,Karnataka
52,49,30,16.49292854,66.94651042,5.51082703,106.4958043,coriander,Perennial,black,Maharashtra
54,45,43,27.70698901,68.6841411,6.674678043,74.99326214,coriander,Perennial,red,Tamil Nadu
60,48,30,19.42856718,49.41279123,5.77227417,29.16578517,coriander,Perennial,red,Uttar Pradesh
55,32,50,26.19235328,67.73289236,7.240355381,82.60236692,coriander,Perennial,black,Uttar Pradesh
44,50,42,29.63331778,61.09659313,6.395043621,53.68421868,coriander,Perennial,red,Maharashtra
53,32,35,26.08986109,70.19901665,7.083925312,165.7712886,coriander,Perennial,black,Tamil Nadu
52,46,37,23.13451562,77.21375809,6.552781648,130.7807237,coriander,Perennial,loamy,Tamil Nadu
51,34,37,34.88114572,57.76622876,5.930229152,64.09648796,coriander,Perennial,sandy,Uttar Pradesh
59,41,50,30.2267517,68.06406241,7.378939482,84.19031721,coriander,Perennial,clay,Maharashtra
50,43,30,32.11671184,77.24777641,6.283336601,47.42308623,coriander,Perennial,sandy,Punjab
58,48,43,29.41298289,79.14750028,5.575542465,29.12151182,coriander,Perennial,clay,Punjab
59,38,39,29.47175068,84.00994101,6.147522561,98.60906642,coriander,Perennial,clay,Uttar Pradesh
59,47,36,29.87614702,88.37280366,6.760419007,50.72808921,coriander,Perennial,clay,Uttar Pradesh
40,46,44,18.10109237,89.96323572,7.433032245,39.19488626,coriander,Perennial,sandy,Punjab
41,41,39,24.90306703,88.36135979,6.840917189,127.8751599,coriander,Perennial,clay,Maharashtra
40,47,34,31.1875973,50.77992169,6.30872723,179.5993949,coriander,Perennial,black,Punjab
44,42,39,23.06625467,45.60928987,6.812693458,84.07993611,coriander,Perennial,black,Uttar Pradesh
59,46,32,23.44149396,66.04315309,5.620468637,36.99276967,coriander,Perennial,red,Maharashtra
58,30,31,30.03031129,42.44120557,5.500157786,189.4782429,coriander,Perennial,sandy,Punjab
48,34,41,15.36976918,70.12323908,5.825944701,44.38259736,coriander,Perennial,red,Karnataka
47,40,34,16.72715146,40.70034169,6.052548322,114.9348804,coriander,Perennial,clay,Maharashtra
57,43,35,16.49519478,52.07237123,6.755918548,144.2810887,coriander,Perennial,red,Maharashtra
59,37,35,30.38385438,84.5966418,6.801545575,91.37089866,coriander,Perennial,loamy,Tamil Nadu
58,48,50,19.55247688,47.28452899,7.249293169,69.04162764,coriander,Perennial,sandy,Punjab
52,40,31,25.95165109,78.42035505,6.44080784,60.45249192,coriander,Perennial,black,Karnataka
56,32,46,18.55646561,70.40773873,7.373661686,79.60166791,coriander,Perennial,sandy,Karnataka
46,42,39,29.53617267,84.20978718,6.839440594,106.6871314,coriander,Perennial,loamy,Maharashtra
60,39,46,30.07390648,56.4820282,6.716853294,31.42292636,coriander,Perennial,clay,Uttar Pradesh
52,43,39,18.34718646,48.45050521,7.055021207,98.51095381,coriander,Perennial,clay,Tamil Nadu
43,35,32,32.72205276,43.81199115,7.248704025,132.6030465,coriander,Perennial,red,Tamil Nadu
51,49,48,25.31272693,83.44455106,6.58615399,177.531148,coriander,Perennial,sandy,Tamil Nadu
55,39,45,34.39587237,69.13487803,5.650154441,105.1899079,coriander,Perennial,clay,Tamil Nadu
40,47,43,28.45867844,68.63869541,6.35633194,72.25771681,coriander,Perennial,loamy,Punjab
49,44,42,23.17429652,89.36492486,5.805467139,96.57740514,coriander,Perennial,red,Maharashtra
47,32,45,15.34930073,41.23113385,5.889300056,49.7288071,coriander,Perennial,red,Punjab
85,49,78,24.99787219,49.27392016,6.971098018,35.31583651,onion,Perennial,black,Tamil Nadu
80,47,70,28.35604281,75.29326377,5.728618261,185.9551083,onion,Perennial,clay,Karnataka
78,31,78,23.29261651,59.04047998,6.230085275,173.3060481,onion,Perennial,sandy,Uttar Pradesh
72,40,73,23.60374258,78.01932079,5.7004218,184.6785289,onion,Perennial,clay,Uttar Pradesh
79,36,82,23.27783375,40.31106218,6.665585233,23.1630072,onion,Perennial,sandy,Maharashtra
83,31,90,22.00281663,50.87231384,6.542332762,178.3060907,onion,Perennial,sandy,Maharashtra
85,49,83,24.41880558,62.59268703,7.433626323,111.3655322,onion,Perennial,red,Karnataka
76,30,89,32.245047,60.26160872,6.848033109,74.9986632,onion,Perennial,sandy,Punjab
79,36,71,32.16031628,87.27242333,7.332195168,118.2589507,onion,Perennial,sandy,Tamil Nadu
74,50,81,30.84408994,61.01974252,6.233783351,141.2293343,onion,Perennial,red,Maharashtra
88,40,88,20.59359517,46.39293142,6.913876437,142.5221344,onion,Perennial,black,Maharashtra
74,47,79,20.90781595,50.35966959,7.412312102,51.78742878,onion,Perennial,red,Maharashtra
74,41,86,19.40091865,70.61332291,6.359925718,80.76042865,onion,Perennial,red,Uttar Pradesh
88,42,82,15.51188503,84.06898345,6.667877198,141.4391713,onion,Perennial,red,Maharashtra
88,40,76,17.54526877,48.77271803,5.591318117,84.50597568,onion,Perennial,sandy,Maharashtra
77,37,70,25.76208926,52.03566322,6.394100679,35.18944185,onion,Perennial,red,Maharashtra
87,41,81,19.57151685,58.07032927,6.359533978,114.4350209,onion,Perennial,black,Punjab
85,44,78,17.77984513,68.61493925,6.068389272,33.19138509,onion,Perennial,sandy,Tamil Nadu
85,47,88,21.29038239,64.70971461,5.739694699,182.2845388,onion,Perennial,clay,Tamil Nadu
75,41,80,32.5073798,61.62485182,5.875793713,162.0833628,onion,Perennial,sandy,Punjab
79,39,73,17.64348567,89.08583721,7.460478407,184.2395061,onion,Perennial,clay,Tamil Nadu
90,44,84,33.10828131,80.48007163,7.41177084,22.54920056,onion,Perennial,clay,Uttar Pradesh
77,35,90,16.70271982,67.7448485,5.913271882,165.0619113,onion,Perennial,sandy,Uttar Pradesh
83,39,75,25.17765189,57.96587136,5.573343395,116.813342,onion,Perennial,loamy,Maharashtra
88,49,86,16.21008433,77.10275471,7.464792605,73.22609046,onion,Perennial,loamy,Uttar Pradesh
70,47,72,28.4985241,76.64829083,7.109351335,109.4676854,onion,Perennial,clay,Uttar Pradesh
71,46,88,17.72909613,89.96969276,6.336600179,65.67482671,onion,Perennial,loamy,Maharashtra
86,45,85,23.63133431,56.57447875,6.244751445,174.7591792,onion,Perennial,loamy,Maharashtra
89,45,89,32.71940916,77.94609337,5.500458163,36.8092252,onion,Perennial,black,Karnataka
89,30,86,34.33117037,52.33170345,6.917735158,173.784965,onion,Perennial,sandy,Karnataka
78,43,70,32.43761357,66.80474047,7.310318957,159.5756527,onion,Perennial,loamy,Punjab
78,43,75,31.37126373,78.56349933,6.507358119,188.9029922,onion,Perennial,black,Tamil Nadu
77,46,75,22.70350449,57.75721677,6.802905359,32.07223079,onion,Perennial,black,Uttar Pradesh
84,37,88,29.38823987,75.0308901,6.813349696,178.1940149,onion,Perennial,clay,Karnataka
90,30,71,24.75577008,70.93071769,5.53801579,161.72629,onion,Perennial,red,Uttar Pradesh
90,35,74,26.25517534,66.48540383,7.01105581,47.44585891,onion,Perennial,clay,Maharashtra
75,37,85,32.57387482,50.72381871,6.425831155,145.0221519,onion,Perennial,red,Maharashtra
89,34,84,21.25805715,71.5135285,5.744426954,73.74729578,onion,Perennial,sandy,Uttar Pradesh
80,49,81,32.95203031,53.20230177,7.081054549,156.6803959,onion,Perennial,sandy,Karnataka
86,35,83,18.06286288,44.9273358,6.221909224,176.7011567,onion,Perennial,loamy,Maharashtra
86,30,90,30.8814092,43.35133956,5.997950889,76.51391339,onion,Perennial,loamy,Maharashtra
86,39,79,23.60320167,83.2484732,7.117281166,119.1632874,onion,Perennial,clay,Punjab
83,41,70,18.87379735,72.85735311,6.239826507,26.36739624,onion,Perennial,sandy,Punjab
71,30,76,27.78005621,87.06016044,6.915258907,145.4279304,onion,Perennial,black,Punjab
74,42,78,15.04720366,81.4300199,5.753391537,113.9452249,onion,Perennial,loamy,Uttar Pradesh
81,42,79,16.43861667,83.22080116,7.079724681,24.40633126,onion,Perennial,black,Tamil Nadu
82,32,77,33.7685656,83.80493711,6.818084776,57.71448697,onion,Perennial,black,Tamil Nadu
83,50,81,17.92748626,53.12165723,5.643198164,122.8173826,onion,Perennial,loamy,Maharashtra
78,34,82,17.5649941,58.53642858,7.490122583,25.94969246,onion,Perennial,sandy,Punjab
73,44,85,15.3822528,69.40827001,7.032946036,71.2666144,onion,Perennial,black,Karnataka
75,49,87,23.9293768,74.20134368,6.133177995,102.4219389,onion,Perennial,loamy,Punjab
76,47,84,26.59138976,75.41304181,6.334136275,24.90897291,onion,Perennial,red,Karnataka
75,40,86,33.84010022,62.34692079,7.031020468,135.4399365,onion,Perennial,red,Uttar Pradesh
72,42,73,23.17488517,45.50546049,6.742201219,85.65499047,onion,Perennial,red,Uttar Pradesh
70,35,70,32.37633729,82.27627735,7.476736879,58.74892482,onion,Perennial,loamy,Maharashtra
87,43,73,22.49205047,87.45139194,6.784779829,123.0795928,onion,Perennial,sandy,Tamil Nadu
73,34,78,15.24413138,60.57891127,6.083781542,138.2998059,onion,Perennial,loamy,Punjab
76,49,70,27.09135488,53.12402117,5.771796673,147.1755304,onion,Perennial,sandy,Punjab
75,41,76,28.62533355,56.32375007,5.895280913,41.34293327,onion,Perennial,loamy,Karnataka
81,41,77,22.92212317,64.18326887,6.623802132,118.0241555,onion,Perennial,red,Karnataka
74,38,73,24.84453151,42.39312796,7.27746127,147.9310456,onion,Perennial,loamy,Punjab
89,37,80,29.8790353,41.10367294,6.782245403,150.6540115,onion,Perennial,red,Tamil Nadu
89,47,87,19.3752251,72.44066233,6.41922759,98.91519555,onion,Perennial,clay,Maharashtra
81,39,86,32.34150413,86.80079481,6.615429295,197.4643954,onion,Perennial,clay,Karnataka
72,35,88,24.61366802,44.56458998,6.071545977,36.97884262,onion,Perennial,sandy,Punjab
70,33,83,33.34403906,62.20070347,6.764433344,41.18895567,onion,Perennial,red,Maharashtra
82,48,73,31.0354393,46.25713373,6.003633252,153.01209,onion,Perennial,red,Tamil Nadu
75,37,85,19.96831642,44.95401305,7.020652852,105.4020302,onion,Perennial,sandy,Maharashtra
85,49,82,17.33699355,72.68394426,7.010476922,175.9663759,onion,Perennial,sandy,Tamil Nadu
87,37,88,24.60788223,79.00062097,5.912248459,100.8020323,onion,Perennial,black,Maharashtra
82,41,78,27.20120107,77.47312262,6.918488358,126.3290934,onion,Perennial,red,Punjab
70,42,89,15.02118047,59.84677063,7.330911696,182.3821408,onion,Perennial,red,Uttar Pradesh
79,50,80,22.89424078,61.44381687,5.817794197,37.57545122,onion,Perennial,black,Maharashtra
83,50,90,18.83243957,74.90363859,7.34501132,55.2814993,onion,Perennial,loamy,Karnataka
88,46,77,20.29330161,75.4602803,7.343280138,176.6572409,onion,Perennial,sandy,Uttar Pradesh
85,45,82,22.88068857,77.29036907,6.116982836,74.2340638,onion,Perennial,black,Punjab
70,50,72,24.22692577,86.25933065,5.547433867,193.0819442,onion,Perennial,black,Uttar Pradesh
89,39,90,22.76043224,76.12181964,7.479331365,84.57030264,onion,Perennial,red,Punjab
85,38,72,24.63303868,40.42709306,6.012789151,40.4312571,onion,Perennial,loamy,Maharashtra
77,48,73,25.79312518,42.44553176,5.511668011,35.46968991,onion,Perennial,clay,Karnataka
75,50,78,18.70065021,62.40263567,6.402172147,110.6496081,onion,Perennial,sandy,Karnataka
78,33,81,30.36389281,83.03931973,6.583266057,187.7719991,onion,Perennial,sandy,Punjab
82,45,73,20.55956877,72.55736159,7.104112471,134.9985706,onion,Perennial,clay,Tamil Nadu
72,50,81,32.01484614,56.08591258,7.143439086,98.61247653,onion,Perennial,clay,Uttar Pradesh
72,34,71,31.72186157,79.04366441,7.220981946,126.6745261,onion,Perennial,loamy,Uttar Pradesh
72,44,90,33.39049194,53.78986803,7.444697346,112.425573,onion,Perennial,sandy,Karnataka
79,30,90,25.38682184,68.97933257,6.293651071,73.07747589,onion,Perennial,black,Uttar Pradesh
75,49,85,21.88888939,87.39092187,7.189649457,48.95208521,onion,Perennial,red,Tamil Nadu
70,40,79,23.93652019,58.19143855,6.191267195,147.7973357,onion,Perennial,black,Uttar Pradesh
80,45,75,23.31482548,46.96158887,5.724739288,55.0978976,onion,Perennial,clay,Tamil Nadu
90,39,74,34.5055809,45.99381585,7.004034263,184.4280067,onion,Perennial,red,Tamil Nadu
87,30,85,16.39597365,66.13296108,5.561597444,137.0462171,onion,Perennial,sandy,Uttar Pradesh
81,49,71,34.24699477,55.97143746,6.159995282,187.9138956,onion,Perennial,clay,Uttar Pradesh
75,36,70,31.14938752,66.03748179,5.913860874,188.7480849,onion,Perennial,loamy,Tamil Nadu
75,30,90,18.75109925,53.3537361,5.995953617,154.9282226,onion,Perennial,sandy,Tamil Nadu
70,42,72,20.34904228,70.4905523,7.208262043,74.68399055,onion,Perennial,black,Tamil Nadu
89,30,71,23.32010667,68.03059513,5.96103333,179.4324873,onion,Perennial,loamy,Maharashtra
88,41,74,27.83238546,66.01057418,6.009473669,97.538647,onion,Perennial,loamy,Tamil Nadu
88,42,87,23.13619528,50.63215175,7.406571184,93.0203448,onion,Perennial,black,Karnataka
75,31,79,28.59244561,79.04089409,5.685567045,131.2313564,onion,Perennial,black,Punjab
94,60,74,15.16197207,81.55321864,6.505215708,62.80297678,tomato,Perennial,clay,Punjab
91,45,81,26.24188576,43.00139998,7.022098827,191.5806566,tomato,Perennial,loamy,Tamil Nadu
107,40,84,17.8244269,83.8923087,7.337680869,122.1518925,tomato,Perennial,sandy,Punjab
94,51,81,27.35503859,54.41341156,5.702312279,65.30354889,tomato,Perennial,clay,Tamil Nadu
110,56,70,27.18167138,73.7419265,5.596369523,132.8027161,tomato,Perennial,black,Punjab
101,54,74,27.10310699,52.52077704,5.580023191,83.71510191,tomato,Perennial,black,Uttar Pradesh
104,54,83,24.98010659,69.95289139,5.940903008,73.26854735,tomato,Perennial,red,Punjab
110,46,90,17.13457241,81.18689832,7.000493657,83.20921266,tomato,Perennial,black,Karnataka
105,60,80,16.75432235,66.7289342,6.830976132,34.36617252,tomato,Perennial,red,Karnataka
100,40,87,30.37040395,44.52338774,6.135765198,49.82588098,tomato,Perennial,loamy,Punjab
109,54,74,34.43504224,48.07633819,6.161998453,99.93395305,tomato,Perennial,red,Tamil Nadu
107,42,80,22.41841946,40.85361856,6.316300983,59.83622273,tomato,Perennial,red,Tamil Nadu
98,57,89,17.01260503,80.3902208,6.313046589,121.8804701,tomato,Perennial,red,Punjab
109,60,82,17.18271836,63.57202418,6.794720584,199.041705,tomato,Perennial,clay,Punjab
102,50,81,17.44408225,54.0175197,5.764362782,115.8341306,tomato,Perennial,red,Maharashtra
110,48,80,24.05035334,51.56797054,6.596294944,71.2252401,tomato,Perennial,clay,Maharashtra
104,53,74,30.9698426,80.35598066,7.285640517,155.3707979,tomato,Perennial,black,Tamil Nadu
106,50,83,24.7604214,43.4522027,6.291973937,162.8194621,tomato,Perennial,clay,Tamil Nadu
95,54,80,32.34913246,89.48668446,6.049361655,66.28167841,tomato,Perennial,black,Tamil Nadu
101,47,72,24.75095051,55.38745163,6.650184974,102.1954649,tomato,Perennial,black,Punjab
100,50,70,30.67836433,60.99359677,6.030963416,175.3805806,tomato,Perennial,clay,Punjab
93,59,81,27.11345343,42.88279983,6.233056318,148.2166099,tomato,Perennial,red,Karnataka
107,49,71,30.95979825,45.74030492,7.416192009,64.90222177,tomato,Perennial,loamy,Maharashtra
104,54,89,31.21864735,71.67001704,7.124936749,57.57196256,tomato,Perennial,black,Tamil Nadu
98,45,70,31.51029326,85.31457491,6.859836015,24.98934417,tomato,Perennial,loamy,Tamil Nadu
95,47,70,34.27483482,82.77596555,6.258731801,192.3903216,tomato,Perennial,sandy,Tamil Nadu
102,49,89,27.24617317,52.56390997,6.44327696,153.0980609,tomato,Perennial,loamy,Punjab
101,47,81,20.72114908,57.30090238,6.065197924,78.4278906,tomato,Perennial,black,Maharashtra
110,54,88,30.29433809,62.00817016,6.777276831,150.1849824,tomato,Perennial,red,Maharashtra
102,40,89,33.3180069,78.59459251,7.207078895,154.9110182,tomato,Perennial,loamy,Punjab
91,43,70,21.91706809,81.55765014,7.379271299,193.4136753,tomato,Perennial,red,Punjab
92,51,87,21.85806654,60.00056396,5.933626523,166.0423579,tomato,Perennial,black,Uttar Pradesh
98,52,83,33.99670234,63.367325,7.247084835,118.7738993,tomato,Perennial,black,Uttar Pradesh
106,53,87,26.06295368,81.95434014,6.980610107,194.4906798,tomato,Perennial,loamy,Karnataka
104,51,76,25.92049199,78.06146969,5.919783463,65.57650491,tomato,Perennial,sandy,Karnataka
101,54,81,24.91411932,45.55984367,6.320596717,141.6527777,tomato,Perennial,black,Maharashtra
98,57,82,21.71397947,59.79721076,5.802815272,156.4445106,tomato,Perennial,sandy,Maharashtra
104,41,74,26.23548829,80.90770411,5.767029457,78.50139601,tomato,Perennial,clay,Punjab
101,47,88,29.54813296,47.09447677,6.572259482,35.33668779,tomato,Perennial,sandy,Karnataka
104,48,73,30.96757168,74.78648421,5.53332964,61.15076133,tomato,Perennial,red,Karnataka
97,44,82,29.03445387,68.58212714,6.447611973,105.6443252,tomato,Perennial,red,Tamil Nadu
104,47,85,19.06978978,41.28287944,6.575707585,26.77207881,tomato,Perennial,black,Tamil Nadu
110,41,87,18.62035723,49.33503836,6.010511895,179.2239489,tomato,Perennial,red,Maharashtra
96,44,82,23.39030323,85.02998582,5.824865701,108.544189,tomato,Perennial,red,Punjab
100,40,80,27.74727769,72.14949263,7.245533828,114.3865364,tomato,Perennial,sandy,Karnataka
108,57,83,19.26823583,89.65359818,7.168555961,131.6457911,tomato,Perennial,clay,Punjab
98,43,86,21.20729942,72.19102516,6.512120706,111.7511991,tomato,Perennial,clay,Karnataka
97,58,86,28.64912306,72.86519483,6.387020804,112.2880643,tomato,Perennial,sandy,Uttar Pradesh
104,40,77,32.38356926,67.28059347,6.693102042,159.4540937,tomato,Perennial,loamy,Uttar Pradesh
93,51,88,31.36257998,75.98572511,6.525445482,90.3490238,tomato,Perennial,black,Uttar Pradesh
102,45,90,24.67556513,63.43676588,5.567386782,170.9568535,tomato,Perennial,sandy,Maharashtra
104,59,88,28.12129023,79.71666236,5.500470208,56.49021411,tomato,Perennial,clay,Tamil Nadu
102,47,71,19.8575899,44.28926334,7.108899797,42.94749993,tomato,Perennial,red,Karnataka
108,60,81,17.45528072,80.19558258,5.624641053,40.14027078,tomato,Perennial,loamy,Punjab
108,45,80,15.59510533,49.65835433,6.858465677,53.43461501,tomato,Perennial,loamy,Maharashtra
91,46,81,19.17786675,57.98135874,6.503850852,45.37237836,tomato,Perennial,clay,Punjab
97,56,74,30.42393609,59.04007529,6.253575728,115.8397016,tomato,Perennial,clay,Uttar Pradesh
101,55,87,27.18846398,56.15348718,5.534230246,124.9135265,tomato,Perennial,red,Tamil Nadu
99,48,84,21.57037062,71.52553708,7.094597201,72.55443308,tomato,Perennial,sandy,Maharashtra
107,46,87,32.31724019,46.5418886,6.466979221,186.8327045,tomato,Perennial,clay,Tamil Nadu
95,57,86,19.71083154,65.55942841,6.537711523,178.4187209,tomato,Perennial,clay,Karnataka
98,43,85,30.81540346,57.49768278,7.452307057,23.92512979,tomato,Perennial,loamy,Uttar Pradesh
109,58,90,17.78367914,43.22202286,7.398925328,152.2557114,tomato,Perennial,red,Maharashtra
95,57,70,22.25598042,63.53205072,6.98299138,27.31744286,tomato,Perennial,black,Punjab
104,43,73,30.5331017,85.71107577,6.672841583,173.7746589,tomato,Perennial,sandy,Punjab
101,49,77,15.65808416,42.07010739,6.143333659,94.52270742,tomato,Perennial,black,Tamil Nadu
107,46,84,26.45873798,68.95989096,7.275962865,115.4033996,tomato,Perennial,red,Punjab
101,48,90,20.85778407,42.39411354,6.894657045,144.9715151,tomato,Perennial,sandy,Maharashtra
92,45,79,30.69793561,77.48957555,6.993916277,176.7230651,tomato,Perennial,loamy,Punjab
95,60,89,29.48214695,77.52278618,6.671370521,83.84717055,tomato,Perennial,sandy,Karnataka
90,50,84,22.76894241,64.67459765,6.759173938,20.89365454,tomato,Perennial,black,Uttar Pradesh
92,51,81,27.07068637,65.09568264,6.492360781,194.7419268,tomato,Perennial,red,Tamil Nadu
91,44,86,24.4818816,86.98314637,6.866062567,55.98541589,tomato,Perennial,red,Uttar Pradesh
110,50,74,17.00549798,58.51726661,7.072472973,83.66525139,tomato,Perennial,loamy,Punjab
90,40,81,25.85064927,54.87834476,6.325928903,157.5662687,tomato,Perennial,clay,Punjab
95,43,90,22.86357162,54.00956184,6.416291901,26.57994179,tomato,Perennial,black,Tamil Nadu
108,45,84,17.75500191,70.59954077,7.151640816,35.77077901,tomato,Perennial,sandy,Uttar Pradesh
90,53,79,20.98584062,62.33745133,5.506585081,154.7044501,tomato,Perennial,red,Maharashtra
104,49,81,25.61272023,83.32106291,6.496099118,74.45895586,tomato,Perennial,black,Tamil Nadu
105,47,72,23.08249578,43.78003921,6.059412651,74.82043655,tomato,Perennial,black,Maharashtra
101,49,88,24.56041532,81.84725369,6.62761927,23.92288136,tomato,Perennial,sandy,Punjab
94,48,89,29.39111097,48.96512393,5.623257493,89.81922151,tomato,Perennial,loamy,Tamil Nadu
105,46,74,19.18496624,72.17013153,5.619025832,70.23629997,tomato,Perennial,clay,Uttar Pradesh
94,56,90,33.70109867,69.0030162,5.594468027,158.0752226,tomato,Perennial,loamy,Tamil Nadu
108,43,79,15.46500123,57.65230659,5.948969525,72.0645959,tomato,Perennial,black,Karnataka
96,46,83,18.6109539,50.14139158,7.455000743,198.8840223,tomato,Perennial,sandy,Tamil Nadu
105,43,82,24.42933073,58.31994013,7.060753627,157.1607904,tomato,Perennial,sandy,Maharashtra
90,41,74,31.23911952,40.27237678,5.745559067,94.55785382,tomato,Perennial,red,Tamil Nadu
108,48,78,20.82158555,79.56496129,7.217511982,164.1638534,tomato,Perennial,sandy,Uttar Pradesh
106,56,77,21.86903521,68.37399329,5.983145615,187.8838549,tomato,Perennial,loamy,Tamil Nadu
107,59,71,27.04531695,48.05709169,6.394933293,92.81537218,tomato,Perennial,red,Tamil Nadu
109,60,90,18.86135277,47.47935284,7.05181136,136.2643082,tomato,Perennial,red,Karnataka
101,56,78,27.55392902,75.20646103,5.618762822,103.6466763,tomato,Perennial,loamy,Uttar Pradesh
92,51,85,31.42403555,47.11126944,7.143544922,185.2416679,tomato,Perennial,clay,Uttar Pradesh
108,46,85,31.57183225,85.9193005,7.256968487,152.627012,tomato,Perennial,black,Punjab
102,43,70,26.69611784,48.51282546,6.2448856,77.32190526,tomato,Perennial,clay,Karnataka
106,45,87,21.36482318,84.89688489,5.693451035,139.5335054,tomato,Perennial,sandy,Punjab
103,46,82,33.78456067,75.37656729,6.61092338,195.192025,tomato,Perennial,clay,Maharashtra
90,60,86,18.53978541,70.95100644,6.361437777,75.83425492,tomato,Perennial,loamy,Maharashtra
97,57,70,15.76489715,77.1244782,6.22235773,99.52866303,tomato,Perennial,sandy,Karnataka
63,37,47,29.99524693,80.70937338,6.221272294,139.9346483,barley,Rabi,clay,Karnataka
67,32,49,32.89234992,87.69972154,5.619619684,34.63125739,barley,Rabi,loamy,Uttar Pradesh
61,44,43,15.44009499,60.51140554,6.217908293,171.6953413,barley,Rabi,loamy,Maharashtra
50,45,39,22.06473371,72.90361786,5.803686256,50.12611681,barley,Rabi,loamy,Maharashtra
68,30,36,23.71890749,41.53089641,6.49307086,54.36780174,barley,Rabi,sandy,Uttar Pradesh
61,42,43,27.98168545,50.90530695,7.216954355,192.00895,barley,Rabi,sandy,Karnataka
66,41,40,16.00274569,51.20657325,6.170741174,52.1834518,barley,Rabi,clay,Uttar Pradesh
60,43,32,21.23442293,53.33478475,6.212563254,173.9445798,barley,Rabi,loamy,Punjab
57,49,44,28.61970967,68.23613138,6.097475331,145.7693398,barley,Rabi,red,Karnataka
51,44,39,26.2952249,41.27606947,6.306807161,60.70215134,barley,Rabi,loamy,Punjab
57,47,42,24.15976201,73.02131696,7.28083255,80.64435737,barley,Rabi,black,Tamil Nadu
66,33,50,27.50865114,44.25953829,6.015264979,146.726556,barley,Rabi,clay,Punjab
68,44,50,30.61370574,62.85302573,7.143043881,64.2714982,barley,Rabi,loamy,Tamil Nadu
59,48,44,21.70646421,74.1375763,6.878807252,36.42343834,barley,Rabi,sandy,Punjab
61,46,46,33.64182246,71.16297913,5.828187103,71.87569798,barley,Rabi,loamy,Punjab
66,43,49,24.31642541,58.91191964,6.35444357,80.40337142,barley,Rabi,sandy,Tamil Nadu
51,43,50,29.8756028,63.6476259,5.902164942,74.93584688,barley,Rabi,clay,Uttar Pradesh
53,45,50,33.57860809,48.82512226,5.749801525,83.66668662,barley,Rabi,red,Punjab
59,36,42,15.85043414,81.5511766,5.718082614,192.3284086,barley,Rabi,black,Maharashtra
70,42,33,20.0246648,84.97229403,6.054551006,41.33966863,barley,Rabi,sandy,Karnataka
53,49,44,20.61744731,63.69640503,6.024516391,56.17564052,barley,Rabi,clay,Karnataka
63,43,46,28.89483392,41.4056605,6.52725286,50.61367119,barley,Rabi,loamy,Maharashtra
58,49,45,25.9408009,67.62259212,6.940229047,89.21402293,barley,Rabi,black,Tamil Nadu
70,48,40,29.42377746,46.85298428,7.011897171,44.6272001,barley,Rabi,red,Tamil Nadu
58,31,40,17.84297839,72.51044731,6.887073297,35.22663052,barley,Rabi,loamy,Tamil Nadu
52,36,49,31.84192988,87.22616069,7.244707933,146.8755617,barley,Rabi,black,Uttar Pradesh
59,32,35,24.99844112,41.53477724,6.658747069,167.2259628,barley,Rabi,clay,Uttar Pradesh
54,44,30,16.95189879,75.02906916,5.53903152,48.55712365,barley,Rabi,sandy,Karnataka
59,49,45,23.64498415,87.59431095,5.582683758,178.2683365,barley,Rabi,sandy,Karnataka
62,30,42,34.26638742,75.58890455,7.097534359,163.5104609,barley,Rabi,clay,Karnataka
52,44,42,28.82082594,71.12169075,5.730674817,92.01536121,barley,Rabi,loamy,Uttar Pradesh
66,38,32,26.02531732,53.04324628,7.230161628,199.8544587,barley,Rabi,black,Punjab
58,43,37,15.48225169,60.92577682,6.717569371,32.94413115,barley,Rabi,red,Tamil Nadu
51,50,38,30.29707531,79.86972117,6.817746749,58.8708905,barley,Rabi,sandy,Tamil Nadu
66,49,33,33.39712052,80.47556659,7.208602837,171.8855237,barley,Rabi,clay,Karnataka
59,33,39,21.78937616,63.95129282,7.029017908,109.7286773,barley,Rabi,red,Uttar Pradesh
65,45,33,22.08210588,72.87714656,5.656370808,187.6492471,barley,Rabi,loamy,Uttar Pradesh
56,35,48,34.78559475,89.54456261,7.358099821,84.10224883,barley,Rabi,sandy,Punjab
69,44,33,16.72825625,61.27701378,6.107395305,71.90845834,barley,Rabi,clay,Punjab
65,43,32,24.63222368,62.10136032,6.595575514,164.1491585,barley,Rabi,black,Uttar Pradesh
50,37,44,26.00715456,67.90860919,7.363478407,46.80382162,barley,Rabi,black,Tamil Nadu
53,32,47,34.45220831,50.11817267,5.759281558,38.49157301,barley,Rabi,loamy,Tamil Nadu
57,40,45,32.76721302,54.54014166,5.93554897,194.2249645,barley,Rabi,sandy,Karnataka
70,44,32,15.48834872,44.81114473,7.395133322,33.47277443,barley,Rabi,black,Punjab
61,40,41,15.83830884,62.2474767,6.284878927,101.6554901,barley,Rabi,sandy,Punjab
51,30,47,22.63984219,64.34574775,5.772933443,162.9746463,barley,Rabi,clay,Maharashtra
61,34,39,16.45914659,59.36750488,6.174126485,35.88301786,barley,Rabi,sandy,Maharashtra
51,32,33,23.54134663,66.85226762,5.727326035,89.36784149,barley,Rabi,clay,Punjab
69,40,37,29.60511563,68.51394491,7.079519427,160.3677629,barley,Rabi,black,Punjab
58,44,34,24.76175343,58.00217306,6.859249319,139.3289089,barley,Rabi,black,Uttar Pradesh
58,35,46,21.8622412,88.09010242,6.541839947,198.0036614,barley,Rabi,black,Uttar Pradesh
70,44,48,21.69870657,44.41137076,6.991557036,59.27282822,barley,Rabi,sandy,Punjab
59,32,32,21.29385162,66.01328283,7.365265054,39.96183054,barley,Rabi,red,Maharashtra
59,49,48,27.98937608,66.87447453,5.961317034,69.20156419,barley,Rabi,loamy,Tamil Nadu
68,38,42,25.1863786,66.20980589,6.541790266,120.4803531,barley,Rabi,sandy,Uttar Pradesh
59,48,37,28.14097217,66.68720114,6.534580418,36.94183437,barley,Rabi,clay,Maharashtra
61,41,48,16.96338002,80.14466119,7.163187922,99.25349114,barley,Rabi,black,Punjab
67,41,30,18.26361197,44.97342163,7.102748951,148.8657362,barley,Rabi,black,Tamil Nadu
56,34,34,16.98234091,68.56616213,6.637727955,167.2287658,barley,Rabi,clay,Karnataka
51,45,40,20.98632061,72.93980615,7.368488898,195.0143325,barley,Rabi,loamy,Maharashtra
70,46,41,33.35752139,76.73856133,5.822965643,164.3387725,barley,Rabi,red,Punjab
54,48,34,21.30223965,66.09926204,6.555745816,113.2471017,barley,Rabi,clay,Uttar Pradesh
50,30,48,32.91181493,49.15561182,7.083823594,34.5166515,barley,Rabi,loamy,Maharashtra
56,36,40,24.90127987,59.99937634,7.190881396,47.84477555,barley,Rabi,sandy,Karnataka
55,41,34,15.20567977,81.41290243,7.294608545,188.4675631,barley,Rabi,red,Uttar Pradesh
55,40,33,27.95011032,74.95596947,6.466567926,160.6709738,barley,Rabi,clay,Karnataka
55,34,37,27.09139941,67.05825937,5.827627066,29.98041982,barley,Rabi,clay,Uttar Pradesh
58,36,34,16.89517464,62.41843208,5.704972555,48.95417884,barley,Rabi,black,Punjab
50,37,49,19.05537815,57.38596417,5.86984298,163.6523069,barley,Rabi,black,Maharashtra
57,48,37,33.77612006,76.84198329,6.176254952,185.1420448,barley,Rabi,black,Punjab
50,32,39,19.55152463,54.54837648,5.931135753,52.32453024,barley,Rabi,black,Tamil Nadu
54,30,40,25.55574485,46.28966914,6.24809732,101.4966802,barley,Rabi,clay,Uttar Pradesh
68,50,44,33.01878973,72.45883096,7.093410673,146.7676653,barley,Rabi,black,Maharashtra
62,39,49,22.36250364,81.58000016,6.12199125,98.64586466,barley,Rabi,black,Karnataka
69,46,33,30.21946422,52.7684572,6.597290071,74.2537556,barley,Rabi,clay,Punjab
55,38,49,34.92255543,76.20843683,5.792555361,69.92156378,barley,Rabi,red,Maharashtra
54,34,46,27.35337343,61.13444953,6.091833016,75.52988746,barley,Rabi,red,Punjab
52,36,34,25.34416223,56.33793302,5.659325476,185.6569504,barley,Rabi,red,Tamil Nadu
70,31,48,30.61406681,43.61719312,5.546955315,189.2400147,barley,Rabi,loamy,Tamil Nadu
70,42,35,26.28193053,65.73627173,5.915079658,136.0625863,barley,Rabi,clay,Tamil Nadu
55,31,42,29.92754292,79.82245575,6.988840199,117.843108,barley,Rabi,black,Karnataka
70,45,31,30.251201,59.214671,6.533116887,50.33566896,barley,Rabi,black,Punjab
68,33,30,34.60072198,70.01425432,6.875805256,75.28889882,barley,Rabi,loamy,Uttar Pradesh
54,41,44,31.67029961,86.7089769,6.125740978,167.1391186,barley,Rabi,loamy,Punjab
60,45,38,26.90713579,59.32857703,5.564401734,140.6419673,barley,Rabi,clay,Tamil Nadu
60,48,35,32.89466672,74.77024085,6.742248991,106.2859678,barley,Rabi,red,Uttar Pradesh
52,35,40,23.45082156,72.27573305,7.036514902,190.0351667,barley,Rabi,clay,Maharashtra
55,44,43,18.76982337,49.86410896,6.462846597,194.0178568,barley,Rabi,loamy,Punjab
58,49,39,26.62876445,56.12773774,5.640517511,122.3487575,barley,Rabi,sandy,Punjab
70,37,48,31.85333291,79.63508628,7.02547862,169.7773977,barley,Rabi,red,Tamil Nadu
63,36,48,32.44034755,43.93631849,6.838046106,52.28236453,barley,Rabi,loamy,Punjab
59,37,48,24.38210816,60.32533465,6.636211773,111.6407579,barley,Rabi,black,Karnataka
60,41,45,19.3278122,83.05191591,5.79539009,106.5158773,barley,Rabi,loamy,Tamil Nadu
62,30,39,16.8862991,57.32263881,5.848636043,191.9653498,barley,Rabi,loamy,Uttar Pradesh
66,37,30,17.10362948,81.69203135,6.209703773,62.55402851,barley,Rabi,sandy,Tamil Nadu
64,37,34,33.01355175,52.22264421,7.391185031,47.15219984,barley,Rabi,black,Maharashtra
62,30,33,32.25195388,44.86724674,5.649028705,37.77585302,barley,Rabi,clay,Punjab
67,36,36,26.96631417,57.02382155,7.017086069,83.77989173,barley,Rabi,clay,Maharashtra
58,31,33,29.73219845,81.99150544,5.500821901,187.7530064,barley,Rabi,sandy,Punjab
62,32,32,25.48919817,58.11428117,5.749773134,123.234375,barley,Rabi,sandy,Karnataka
50,43,40,25.124423,53.55120171,5.675245865,157.8850318,mustard,Rabi,black,Karnataka
52,31,49,22.86383317,59.68633524,5.885866143,116.8757037,mustard,Rabi,sandy,Punjab
54,32,31,30.06789262,63.53707705,6.719026737,119.2033776,mustard,Rabi,loamy,Uttar Pradesh
52,39,47,18.57094218,43.95851052,5.720792809,32.73406282,mustard,Rabi,loamy,Maharashtra
55,49,33,28.18544738,47.84052006,7.160607966,119.0190325,mustard,Rabi,sandy,Tamil Nadu
58,41,44,25.99506511,46.13277817,5.682807987,148.9865215,mustard,Rabi,sandy,Maharashtra
57,41,31,32.70863672,60.40451567,6.08983759,48.97528855,mustard,Rabi,loamy,Maharashtra
53,45,30,34.13094546,54.05127503,7.223173569,148.6167959,mustard,Rabi,loamy,Punjab
49,46,47,26.70307684,48.5446184,6.779664605,165.6658388,mustard,Rabi,loamy,Maharashtra
52,49,44,26.58274616,46.45613356,6.72634515,58.39262442,mustard,Rabi,loamy,Karnataka
40,46,39,25.24931732,85.25823162,6.469212618,138.5457036,mustard,Rabi,red,Maharashtra
52,42,33,15.37043947,51.90606915,5.974814233,134.1003115,mustard,Rabi,sandy,Maharashtra
51,42,34,21.97590994,47.78460103,5.943176053,168.8867816,mustard,Rabi,sandy,Karnataka
51,42,41,30.26210335,67.85674054,7.295801943,187.2228036,mustard,Rabi,clay,Uttar Pradesh
55,46,32,26.79346716,67.55899831,7.188897486,75.49118083,mustard,Rabi,black,Maharashtra
40,30,41,30.46514063,52.74867089,6.483809261,154.914573,mustard,Rabi,loamy,Punjab
46,36,36,24.33931808,63.14391437,6.83994987,132.2773141,mustard,Rabi,sandy,Uttar Pradesh
44,38,50,23.23095759,85.3700679,6.249450056,64.65183019,mustard,Rabi,sandy,Tamil Nadu
51,50,50,28.75820522,55.25354834,7.309061907,34.5457065,mustard,Rabi,clay,Karnataka
40,34,41,28.88809516,41.57742168,6.922909555,168.8648991,mustard,Rabi,loamy,Tamil Nadu
42,38,45,27.03983043,77.39748845,5.99631317,80.18373513,mustard,Rabi,loamy,Karnataka
50,50,48,32.53332068,67.70812082,6.956328201,37.97928165,mustard,Rabi,red,Maharashtra
59,42,37,26.64075445,70.11183887,6.421473249,124.621953,mustard,Rabi,sandy,Maharashtra
40,34,33,15.63407831,47.09670976,6.670539443,196.1094754,mustard,Rabi,black,Uttar Pradesh
40,45,35,24.7775963,49.33645943,5.902636943,164.4135638,mustard,Rabi,loamy,Uttar Pradesh
54,46,34,31.88812568,51.82210986,6.098879736,181.8245685,mustard,Rabi,sandy,Karnataka
46,35,48,15.30045484,66.07017932,5.800950285,126.440991,mustard,Rabi,loamy,Tamil Nadu
44,31,37,32.57862589,71.23823885,7.444079209,184.8750222,mustard,Rabi,sandy,Tamil Nadu
46,35,46,26.42093669,52.00720423,6.034749977,105.9758824,mustard,Rabi,clay,Tamil Nadu
43,49,30,33.2828059,83.73078558,5.807275899,92.93945391,mustard,Rabi,red,Maharashtra
48,33,50,15.37046451,69.99965072,7.096351305,153.3366752,mustard,Rabi,clay,Uttar Pradesh
52,46,39,31.60683447,45.32056697,7.219522063,175.5791245,mustard,Rabi,red,Maharashtra
48,35,47,21.0579589,57.91372518,6.720212109,49.63246496,mustard,Rabi,black,Punjab
48,40,31,31.09241502,44.91543654,7.296422299,109.8090293,mustard,Rabi,sandy,Punjab
47,38,35,15.2363826,88.58509769,6.20380843,106.6652339,mustard,Rabi,black,Punjab
55,31,42,21.61439812,73.91535562,7.050212788,106.5799009,mustard,Rabi,clay,Tamil Nadu
41,30,48,18.38450595,58.39952538,6.908484908,66.78085781,mustard,Rabi,red,Uttar Pradesh
41,34,31,18.64743258,76.90018397,6.982917651,139.4184334,mustard,Rabi,red,Punjab
46,37,37,29.85225216,87.78699556,6.136630989,93.62725239,mustard,Rabi,red,Uttar Pradesh
41,39,44,29.28051588,75.0953475,6.475712339,160.4613051,mustard,Rabi,sandy,Uttar Pradesh
52,35,48,16.91333993,44.8774848,6.97469833,180.2641282,mustard,Rabi,loamy,Tamil Nadu
53,37,44,18.93886719,69.10866286,6.178365444,198.6126189,mustard,Rabi,sandy,Tamil Nadu
57,39,32,21.50967805,84.53096463,7.015334902,195.3994941,mustard,Rabi,sandy,Maharashtra
58,48,40,30.53831738,48.21764461,5.979033017,190.1191414,mustard,Rabi,red,Maharashtra
60,41,38,16.33551859,83.50227978,5.990897947,30.50902064,mustard,Rabi,red,Uttar Pradesh
54,43,35,15.8533745,66.91623262,5.694238097,56.09186836,mustard,Rabi,black,Karnataka
40,37,34,19.04946739,50.91523287,5.851962053,189.7022358,mustard,Rabi,sandy,Maharashtra
45,39,36,34.45698925,62.26235137,7.176742918,43.45981786,mustard,Rabi,sandy,Punjab
48,46,48,22.23355448,87.0735495,7.166974654,40.83934517,mustard,Rabi,clay,Maharashtra
48,39,49,16.84627738,45.02475007,6.472580281,34.2754649,mustard,Rabi,red,Karnataka
46,30,46,31.21408152,61.11069739,6.774859752,66.3228151,mustard,Rabi,red,Maharashtra
55,45,47,27.90967519,42.96471541,5.946273335,85.51924719,mustard,Rabi,loamy,Maharashtra
50,30,47,34.23845288,46.6095937,6.169898184,32.39183473,mustard,Rabi,red,Punjab
49,50,42,27.21794773,44.90672652,6.115631749,187.9142023,mustard,Rabi,black,Tamil Nadu
40,40,49,31.74417741,52.79587345,7.063382666,86.64183104,mustard,Rabi,red,Karnataka
47,39,46,15.89010385,78.52670847,7.459585797,30.30511455,mustard,Rabi,sandy,Uttar Pradesh
40,39,37,16.28052059,79.30322697,6.583282831,170.9496935,mustard,Rabi,sandy,Maharashtra
57,34,37,15.48896739,77.80055324,6.185926191,197.4190666,mustard,Rabi,red,Punjab
53,30,39,24.10343715,89.66761546,5.5803393,127.3995518,mustard,Rabi,red,Tamil Nadu
57,50,45,31.01696731,80.36046378,6.465400052,172.7895109,mustard,Rabi,loamy,Tamil Nadu
59,41,36,21.46728956,62.68925875,5.717776358,35.90869463,mustard,Rabi,black,Punjab
52,49,46,24.32954475,64.34004601,5.683745794,67.14816191,mustard,Rabi,clay,Karnataka
55,48,42,31.35800151,65.5705438,6.658540047,94.67009854,mustard,Rabi,sandy,Maharashtra
42,45,38,22.99436976,61.85892368,6.933768999,67.51545883,mustard,Rabi,sandy,Punjab
50,39,43,16.47283237,83.03521686,6.054487566,111.2059391,mustard,Rabi,red,Karnataka
46,42,50,15.43023775,66.0070321,7.224530713,124.8556026,mustard,Rabi,sandy,Tamil Nadu
53,38,31,33.07358263,68.15610861,6.084501418,69.48843105,mustard,Rabi,clay,Punjab
59,41,46,19.88671613,65.55502551,5.604021172,91.52588823,mustard,Rabi,red,Punjab
59,35,39,23.38484734,73.97136655,7.36728399,59.09130068,mustard,Rabi,black,Maharashtra
40,32,30,34.89418438,43.62174323,6.51828119,191.3684502,mustard,Rabi,clay,Punjab
53,46,44,15.57041659,59.75826656,5.866098906,83.16034426,mustard,Rabi,sandy,Uttar Pradesh
54,49,31,34.81943351,72.45327302,6.953274242,198.6070442,mustard,Rabi,red,Tamil Nadu
59,38,50,26.64217095,56.600559,5.692716425,60.25144103,mustard,Rabi,black,Uttar Pradesh
56,32,30,15.07934963,52.6742004,6.259024348,155.7012157,mustard,Rabi,loamy,Maharashtra
59,37,30,25.16809504,71.32083266,6.905445312,146.1531012,mustard,Rabi,loamy,Tamil Nadu
40,48,41,28.32221299,61.89983438,7.352820502,112.3540033,mustard,Rabi,red,Punjab
58,37,47,16.71202649,54.71717405,5.606172382,52.24487049,mustard,Rabi,clay,Maharashtra
57,38,30,33.70063572,78.12075556,7.272115519,176.3332163,mustard,Rabi,sandy,Punjab
48,32,31,16.09216791,40.81862112,6.142052038,179.5167258,mustard,Rabi,clay,Punjab
58,48,34,29.99734297,68.23599353,5.896039442,36.37615035,mustard,Rabi,clay,Maharashtra
53,34,35,33.3280847,77.66507685,7.437654472,64.38462028,mustard,Rabi,loamy,Tamil Nadu
50,32,38,20.35942907,68.92171325,7.44877605,55.88711236,mustard,Rabi,clay,Uttar Pradesh
52,36,41,21.08625874,68.98637883,7.3266111,187.996495,mustard,Rabi,red,Tamil Nadu
59,46,30,21.20397681,78.09020378,6.637009125,197.8547371,mustard,Rabi,sandy,Karnataka
54,42,44,17.75823634,80.28071335,6.326664819,111.7716941,mustard,Rabi,sandy,Karnataka
47,44,34,18.59785919,55.59592748,6.482629448,85.88921354,mustard,Rabi,loamy,Uttar Pradesh
50,42,30,28.44571653,65.86355497,7.142475425,182.7147097,mustard,Rabi,black,Uttar Pradesh
45,45,49,25.31699095,89.75811313,5.819014298,162.4236388,mustard,Rabi,sandy,Maharashtra
43,39,48,33.17651998,43.4924951,7.158620321,41.31039652,mustard,Rabi,black,Karnataka
48,40,32,33.49116086,61.25300135,6.530696804,59.94141364,mustard,Rabi,sandy,Tamil Nadu
52,33,46,29.57179891,52.02692,7.157625684,115.4735715,mustard,Rabi,red,Tamil Nadu
48,35,35,20.37660631,58.16529375,5.580987124,114.5291618,mustard,Rabi,sandy,Punjab
49,37,47,32.26174667,62.80074358,6.581975636,121.7692035,mustard,Rabi,red,Uttar Pradesh
49,31,43,30.15627112,42.7922373,5.849463861,145.3780833,mustard,Rabi,red,Tamil Nadu
43,30,48,18.67001786,42.26920697,5.563292614,22.91723165,mustard,Rabi,sandy,Maharashtra
58,48,36,27.17250845,49.54920556,6.220285273,101.5067043,mustard,Rabi,red,Karnataka
41,47,38,26.00134868,89.64549469,6.574024502,66.25908853,mustard,Rabi,loamy,Maharashtra
42,50,50,31.93999205,87.70435204,6.774582836,20.02480322,mustard,Rabi,clay,Punjab
46,42,41,16.59598937,66.15693976,6.456213152,76.69803149,mustard,Rabi,red,Karnataka
47,30,50,19.41761844,50.20806977,6.470200189,68.5815375,mustard,Rabi,loamy,Uttar Pradesh
46,55,52,19.25834672,83.54061384,5.657819906,121.9327292,soybean,Kharif,black,Karnataka
37,47,70,18.18975264,82.10419469,6.330148267,28.01452663,soybean,Kharif,sandy,Tamil Nadu
40,46,64,29.92668363,43.7154202,5.648895108,124.3882055,soybean,Kharif,red,Maharashtra
42,45,57,15.4969108,64.64056615,5.974058858,105.8444347,soybean,Kharif,red,Uttar Pradesh
36,58,62,26.62780236,85.29780317,6.999949813,85.22736685,soybean,Kharif,black,Karnataka
33,56,61,20.04627198,68.71714091,5.568260277,97.86949092,soybean,Kharif,black,Uttar Pradesh
41,51,58,16.39150808,58.92193161,7.030473405,103.1734428,soybean,Kharif,loamy,Punjab
43,52,51,27.50597406,75.54685034,6.293214873,76.83336797,soybean,Kharif,sandy,Karnataka
31,56,67,21.78572749,70.2165911,7.153958733,20.26823593,soybean,Kharif,loamy,Punjab
47,42,66,26.21635036,58.50352387,7.020103395,48.31656491,soybean,Kharif,loamy,Karnataka
33,57,61,15.57022568,72.1878673,7.118447579,94.67368303,soybean,Kharif,clay,Karnataka
50,50,52,19.88859232,58.68342739,7.246983901,170.1762785,soybean,Kharif,red,Maharashtra
50,43,60,33.43228706,40.1513249,6.325601672,123.2469652,soybean,Kharif,red,Maharashtra
40,55,59,20.70621039,64.09499672,5.897487995,175.25965,soybean,Kharif,black,Punjab
48,49,66,32.05410534,84.82129981,7.104869892,103.7668011,soybean,Kharif,clay,Tamil Nadu
36,55,54,16.05994827,48.61682178,5.507492032,179.0250075,soybean,Kharif,black,Punjab
35,55,52,32.28800096,58.92445813,6.042443591,124.8120562,soybean,Kharif,red,Maharashtra
48,41,50,16.38898405,45.64145892,5.559163505,58.67383174,soybean,Kharif,red,Karnataka
49,56,55,15.19164284,63.35799853,6.135991847,116.0501412,soybean,Kharif,red,Karnataka
32,41,65,21.90321013,74.87489031,6.971073899,129.3438178,soybean,Kharif,red,Maharashtra
41,43,53,28.47066344,71.16836606,6.068271549,64.97024512,soybean,Kharif,clay,Maharashtra
31,57,55,16.08431551,75.38157629,5.967228964,23.00659655,soybean,Kharif,loamy,Karnataka
48,52,67,33.7235502,52.30589145,6.394673867,137.204493,soybean,Kharif,black,Karnataka
44,40,62,16.94941852,41.09156064,6.063528183,165.9457919,soybean,Kharif,clay,Uttar Pradesh
43,54,68,25.01265638,40.60667421,5.525114006,169.4992455,soybean,Kharif,black,Karnataka
50,52,54,24.11176117,75.77922649,6.656819712,110.0168526,soybean,Kharif,red,Maharashtra
46,43,50,24.28924424,53.8699825,6.487051669,71.15197025,soybean,Kharif,sandy,Karnataka
35,48,56,31.57947802,52.17125936,6.783274216,187.4160975,soybean,Kharif,red,Maharashtra
35,48,53,22.68908774,47.93719792,7.051048991,71.66806643,soybean,Kharif,black,Uttar Pradesh
37,54,50,31.20595367,62.22752238,7.113413818,165.685529,soybean,Kharif,clay,Tamil Nadu
32,48,51,34.18484977,51.99449583,5.732666841,78.43536519,soybean,Kharif,sandy,Punjab
40,42,52,17.37973777,88.0064997,6.673486197,196.5450828,soybean,Kharif,red,Uttar Pradesh
42,40,54,24.97095542,74.8846675,6.498546034,137.9301604,soybean,Kharif,black,Punjab
47,48,60,15.71214548,63.28343277,7.436914793,36.18083056,soybean,Kharif,loamy,Uttar Pradesh
31,50,66,26.60341073,71.79036545,5.616479613,40.96114375,soybean,Kharif,clay,Maharashtra
34,42,56,29.98477975,86.55709604,5.634637259,91.21990333,soybean,Kharif,red,Uttar Pradesh
50,52,67,33.03904464,50.26836131,6.151649621,151.3082659,soybean,Kharif,loamy,Uttar Pradesh
44,55,67,19.34618533,80.88660389,6.921861103,70.53729497,soybean,Kharif,black,Karnataka
48,59,59,27.97512128,66.20155497,7.191903026,122.8983426,soybean,Kharif,sandy,Karnataka
34,40,50,31.89751332,50.87700197,5.937509484,142.0634335,soybean,Kharif,sandy,Punjab
38,42,50,20.89468631,42.33615238,6.433440995,43.05464664,soybean,Kharif,sandy,Punjab
43,47,68,34.35494713,68.48342278,6.929227753,66.94849288,soybean,Kharif,black,Uttar Pradesh
47,49,59,24.62168693,55.90548232,6.794451259,184.6152187,soybean,Kharif,loamy,Uttar Pradesh
45,51,51,33.37864646,88.5787096,5.868625392,86.18073249,soybean,Kharif,red,Punjab
30,44,61,31.69126537,84.65205205,7.431718518,57.71056423,soybean,Kharif,black,Maharashtra
32,47,65,27.35626075,77.69064946,6.966666471,104.449045,soybean,Kharif,sandy,Tamil Nadu
36,60,60,16.29719911,78.46943254,5.724830292,79.54818835,soybean,Kharif,clay,Karnataka
50,58,69,33.63354504,62.08704124,5.659686019,31.30651271,soybean,Kharif,red,Karnataka
40,60,59,22.01604847,80.87468577,7.309320041,184.9065075,soybean,Kharif,black,Karnataka
48,49,67,28.69366626,62.40434783,6.368480172,30.16848477,soybean,Kharif,loamy,Tamil Nadu
36,56,56,28.55061736,40.64429249,6.548527041,39.98624985,soybean,Kharif,black,Maharashtra
44,60,50,24.41891587,71.2643009,6.412479266,161.7139753,soybean,Kharif,black,Uttar Pradesh
31,54,62,25.10657285,60.03260346,6.231933861,52.92596102,soybean,Kharif,loamy,Uttar Pradesh
41,51,64,30.07189591,44.26444953,7.080611809,151.041239,soybean,Kharif,clay,Tamil Nadu
47,42,66,30.41099769,71.79968208,6.16704188,97.75073772,soybean,Kharif,clay,Punjab
37,48,51,33.42702643,72.71100849,6.015431655,193.6768885,soybean,Kharif,clay,Punjab
45,54,53,31.50066648,52.20076136,6.850536778,153.0873355,soybean,Kharif,loamy,Punjab
43,58,55,27.4096844,65.71510744,6.834274045,50.10179164,soybean,Kharif,red,Punjab
44,53,58,31.84527687,86.43633351,7.154547709,143.9247954,soybean,Kharif,black,Maharashtra
44,57,50,33.02322322,86.55780341,7.082460994,90.91989811,soybean,Kharif,sandy,Karnataka
50,53,63,19.16689318,59.70433058,6.005874362,194.8572802,soybean,Kharif,sandy,Punjab
35,58,50,21.95878617,78.02633986,5.711130024,68.21224768,soybean,Kharif,loamy,Maharashtra
37,45,56,26.07216911,76.40941992,6.765674805,42.97466735,soybean,Kharif,black,Punjab
33,46,66,32.34403231,82.74630693,6.805822952,45.1745703,soybean,Kharif,sandy,Maharashtra
30,50,56,32.95632448,73.12148046,6.812903347,80.25735223,soybean,Kharif,red,Punjab
36,47,54,29.06688874,54.14503692,7.475497418,99.30600242,soybean,Kharif,black,Maharashtra
31,41,62,24.07352844,84.4195523,7.231889085,41.40331189,soybean,Kharif,clay,Punjab
45,49,67,28.30805408,73.87943908,6.790278455,163.2892393,soybean,Kharif,black,Tamil Nadu
39,57,54,26.78173684,50.22051625,7.037025389,77.79028164,soybean,Kharif,black,Karnataka
47,59,56,34.17751431,61.13666461,6.139583111,120.6985875,soybean,Kharif,clay,Uttar Pradesh
37,49,58,33.74392446,50.40991004,5.820643434,132.5978946,soybean,Kharif,loamy,Maharashtra
43,55,55,23.12905964,52.97590775,6.401732525,183.8793194,soybean,Kharif,loamy,Maharashtra
33,60,54,20.11652379,79.04772401,7.245684409,62.43672786,soybean,Kharif,loamy,Tamil Nadu
49,46,65,21.56419377,63.05541754,5.846120392,141.2307591,soybean,Kharif,loamy,Uttar Pradesh
39,58,52,15.89992137,63.13393106,7.21153597,192.2434729,soybean,Kharif,sandy,Maharashtra
33,45,66,22.76998875,50.68292706,5.972204399,192.1424818,soybean,Kharif,loamy,Tamil Nadu
42,56,67,22.41232722,80.44484348,5.592427025,44.07046198,soybean,Kharif,red,Tamil Nadu
43,49,65,28.97695143,72.86460979,6.824810997,77.2221704,soybean,Kharif,sandy,Karnataka
48,46,64,24.89364545,49.66861933,6.646032049,179.3643731,soybean,Kharif,clay,Uttar Pradesh
31,58,67,34.58634126,63.37147758,7.274740698,163.5933739,soybean,Kharif,clay,Punjab
35,52,63,34.74535905,77.30686644,6.862955764,194.393854,soybean,Kharif,loamy,Maharashtra
33,46,63,24.66981024,62.99722995,5.917247604,131.465821,soybean,Kharif,clay,Punjab
41,58,59,34.10687382,78.57928394,7.082790135,144.8734015,soybean,Kharif,clay,Karnataka
38,49,51,27.55474137,76.27293253,5.910953056,198.8514714,soybean,Kharif,clay,Maharashtra
35,56,50,34.10851316,54.31575816,6.463167039,36.00825186,soybean,Kharif,sandy,Karnataka
30,40,55,17.71999488,50.6390388,5.919838609,59.84352779,soybean,Kharif,clay,Maharashtra
30,49,50,30.72800172,65.85283595,7.307685844,167.6218063,soybean,Kharif,black,Karnataka
36,53,65,16.52945627,69.53886824,6.622972688,178.8407446,soybean,Kharif,sandy,Maharashtra
48,60,52,16.1041201,84.27421077,6.146378551,38.43157269,soybean,Kharif,black,Punjab
43,53,60,19.50492911,43.56335593,7.08338367,103.9754013,soybean,Kharif,clay,Maharashtra
33,52,70,26.2598668,42.75747794,7.144869234,143.1201649,soybean,Kharif,black,Maharashtra
35,57,58,23.1929964,80.88061307,5.828127381,27.72853066,soybean,Kharif,clay,Karnataka
49,51,70,24.84069767,74.92387762,7.425410407,39.37450853,soybean,Kharif,black,Maharashtra
34,47,70,15.33209915,87.41325833,7.001737442,187.4629949,soybean,Kharif,loamy,Maharashtra
36,54,69,26.36329755,49.8085434,6.587474029,22.84668116,soybean,Kharif,loamy,Punjab
43,42,65,23.27743458,46.8341732,6.442660761,116.7883072,soybean,Kharif,loamy,Punjab
39,60,50,18.25288555,72.2147076,7.04845276,148.2411292,soybean,Kharif,loamy,Karnataka
35,45,60,15.85114188,60.07696773,6.951262417,91.99568521,soybean,Kharif,black,Uttar Pradesh
30,56,57,15.08759473,76.62529439,6.798358168,137.1817842,soybean,Kharif,sandy,Karnataka
47,42,52,16.01662965,62.9069469,6.012059674,37.70619752,soybean,Kharif,black,Maharashtra
86,48,82,15.86058176,41.94665396,5.973889807,86.90344964,cabbage,Perennial,clay,Tamil Nadu
84,54,86,29.18443184,81.1098618,6.792596724,65.17374343,cabbage,Perennial,clay,Tamil Nadu
90,40,80,29.71160287,74.66856783,6.159914874,111.9784028,cabbage,Perennial,red,Karnataka
74,50,72,21.59756849,63.11999864,7.484656368,199.3479713,cabbage,Perennial,red,Uttar Pradesh
84,60,82,20.89470946,80.28537031,6.696327326,70.5475941,cabbage,Perennial,sandy,Karnataka
73,48,83,28.99505409,51.37107477,6.180009192,148.6851718,cabbage,Perennial,loamy,Tamil Nadu
80,44,70,18.21046081,43.50934558,6.690790432,44.3020004,cabbage,Perennial,sandy,Tamil Nadu
82,40,70,18.68705689,51.91327491,7.306896542,50.98747705,cabbage,Perennial,clay,Maharashtra
79,57,87,30.56279271,59.14320314,7.472578212,73.97116821,cabbage,Perennial,red,Karnataka
90,55,86,29.62874833,65.64321454,6.607107765,62.37803987,cabbage,Perennial,clay,Punjab
75,51,79,17.03910327,61.25656558,7.350709126,134.7414033,cabbage,Perennial,clay,Tamil Nadu
74,44,77,16.9170099,51.74164102,6.477141493,74.31106732,cabbage,Perennial,red,Maharashtra
77,51,75,26.59713509,88.6565966,6.755334321,27.25856645,cabbage,Perennial,loamy,Maharashtra
88,54,81,33.74835049,76.14892261,7.461432599,136.2663266,cabbage,Perennial,black,Karnataka
80,59,83,28.49411542,56.21254204,6.642092365,133.881889,cabbage,Perennial,loamy,Karnataka
70,57,90,15.62427499,51.14382889,7.394788415,194.2607871,cabbage,Perennial,loamy,Uttar Pradesh
80,44,70,29.37232018,40.40819837,7.384244499,113.227734,cabbage,Perennial,loamy,Karnataka
76,54,81,33.24232878,57.73446576,5.792703449,98.79289705,cabbage,Perennial,black,Uttar Pradesh
90,55,73,29.3244635,80.59506623,7.113284748,196.693135,cabbage,Perennial,red,Tamil Nadu
80,59,80,31.87005288,73.104785,7.198818732,86.50772931,cabbage,Perennial,sandy,Uttar Pradesh
85,45,73,17.76494317,87.05041027,5.984003161,102.9545815,cabbage,Perennial,sandy,Punjab
89,47,89,32.85376922,43.71699198,6.730777092,36.54625802,cabbage,Perennial,red,Maharashtra
83,49,71,23.01163776,61.54455088,6.125814643,38.13364186,cabbage,Perennial,clay,Tamil Nadu
71,42,77,30.57833679,86.05976095,6.32476579,126.8407112,cabbage,Perennial,loamy,Punjab
88,48,70,21.68286459,84.40949213,7.042932352,81.53164099,cabbage,Perennial,black,Tamil Nadu
86,56,81,19.50087304,77.90991804,5.670603177,169.1471348,cabbage,Perennial,loamy,Karnataka
78,52,83,20.32503411,75.72956645,6.46518919,105.8802684,cabbage,Perennial,loamy,Tamil Nadu
84,42,73,34.23124529,72.33146502,6.81386822,102.5305014,cabbage,Perennial,sandy,Maharashtra
88,49,72,20.3206946,83.891987,6.72881509,158.6606715,cabbage,Perennial,red,Maharashtra
77,44,71,33.10809708,82.02124589,5.688363453,138.238478,cabbage,Perennial,sandy,Uttar Pradesh
86,42,74,30.4291965,64.6632265,7.305642489,114.4164804,cabbage,Perennial,black,Uttar Pradesh
81,52,75,30.74676893,85.17532724,7.157692744,112.9123972,cabbage,Perennial,sandy,Karnataka
75,55,90,21.8173742,74.24406813,6.003102643,26.90362036,cabbage,Perennial,clay,Karnataka
81,54,84,17.89555224,54.30734578,7.051100134,141.8042729,cabbage,Perennial,sandy,Punjab
84,57,83,19.57535279,52.69329113,6.014945287,117.6148965,cabbage,Perennial,clay,Punjab
77,54,78,31.53820281,79.12395338,6.325131603,122.7583067,cabbage,Perennial,black,Uttar Pradesh
72,40,77,31.04693288,69.77112126,6.274885152,58.36118566,cabbage,Perennial,red,Maharashtra
89,40,89,24.66430751,48.77849763,5.815791665,113.9238565,cabbage,Perennial,red,Tamil Nadu
80,44,75,30.64312068,68.06553343,6.653222788,149.1634796,cabbage,Perennial,loamy,Tamil Nadu
74,57,84,22.70261472,53.50222322,6.753134704,109.3135869,cabbage,Perennial,red,Uttar Pradesh
72,58,78,32.14887944,82.74232126,5.965010979,76.98684117,cabbage,Perennial,loamy,Uttar Pradesh
70,52,90,33.6045452,61.88279172,5.577236509,139.6476107,cabbage,Perennial,black,Karnataka
80,42,88,34.9239344,72.97722959,6.197347293,35.30801631,cabbage,Perennial,sandy,Tamil Nadu
82,59,74,16.98358915,55.73281928,6.406716273,43.76271558,cabbage,Perennial,black,Maharashtra
78,42,85,19.72277296,75.94456966,6.403991003,165.8864968,cabbage,Perennial,sandy,Tamil Nadu
90,45,90,19.82327716,67.99205674,5.862416072,112.7343652,cabbage,Perennial,red,Tamil Nadu
89,52,74,18.67678074,64.27021428,6.20453512,81.25457293,cabbage,Perennial,sandy,Uttar Pradesh
89,53,74,34.37664785,84.04129299,6.946172882,159.7168012,cabbage,Perennial,clay,Maharashtra
71,60,88,28.09298881,43.42315353,6.342707823,42.1024404,cabbage,Perennial,sandy,Uttar Pradesh
83,57,83,34.59665722,46.01581219,6.769987223,39.74490741,cabbage,Perennial,black,Maharashtra
80,49,74,23.20318827,70.89174429,5.959928932,159.9801316,cabbage,Perennial,loamy,Punjab
71,41,78,17.16141029,78.59609733,7.475254469,178.7104021,cabbage,Perennial,red,Uttar Pradesh
75,58,81,26.431638,46.30286999,6.036288487,136.7354303,cabbage,Perennial,black,Maharashtra
86,56,82,15.58269232,82.01033812,6.815760498,65.00654257,cabbage,Perennial,clay,Uttar Pradesh
89,41,74,32.09066109,74.16416324,5.742760316,97.86859943,cabbage,Perennial,loamy,Karnataka
83,53,82,21.2071994,82.46878892,6.788582947,126.6280563,cabbage,Perennial,black,Tamil Nadu
76,52,83,16.00855327,82.55212895,6.347259904,114.1993125,cabbage,Perennial,red,Karnataka
72,57,82,22.58320679,73.02782677,6.407304257,98.74176,cabbage,Perennial,black,Uttar Pradesh
81,53,88,30.01459777,89.11917068,6.987776757,82.96019195,cabbage,Perennial,sandy,Uttar Pradesh
79,46,74,17.81315486,71.67581081,5.547876615,164.2487225,cabbage,Perennial,loamy,Punjab
71,49,80,21.10396826,81.09587657,6.704213843,185.7773078,cabbage,Perennial,red,Karnataka
90,48,72,19.18271446,67.48230464,6.941326423,193.7324429,cabbage,Perennial,black,Punjab
73,48,88,15.55810546,41.20426142,6.180003775,54.30927621,cabbage,Perennial,loamy,Punjab
83,54,86,32.88177187,56.15606564,5.833639401,24.0100425,cabbage,Perennial,loamy,Punjab
89,60,84,30.52822153,42.42435506,6.00803706,139.0683752,cabbage,Perennial,sandy,Maharashtra
83,40,86,19.31965981,65.14273194,6.853462651,29.14851734,cabbage,Perennial,black,Karnataka
74,57,70,22.57259221,83.70433412,6.868687622,46.33112148,cabbage,Perennial,clay,Uttar Pradesh
71,46,85,24.78905803,56.73355476,6.1080667,20.32474032,cabbage,Perennial,loamy,Maharashtra
83,60,76,28.77787164,40.70941527,5.987177151,85.59577241,cabbage,Perennial,red,Tamil Nadu
82,40,74,28.88569846,46.59005173,7.407961736,52.7151066,cabbage,Perennial,loamy,Tamil Nadu
82,47,80,27.92007892,49.678024,5.810361018,169.4807448,cabbage,Perennial,clay,Tamil Nadu
85,48,83,32.6671497,60.84653747,5.508361302,95.98880868,cabbage,Perennial,red,Tamil Nadu
89,46,86,16.6969083,72.20633215,6.165208405,20.0427462,cabbage,Perennial,sandy,Karnataka
82,47,71,17.36164366,44.24160362,7.041900449,23.55406724,cabbage,Perennial,sandy,Tamil Nadu
79,56,70,26.63222217,79.12895874,5.83604782,130.5958704,cabbage,Perennial,clay,Karnataka
88,47,77,15.62389839,76.71864033,7.208509909,33.47066776,cabbage,Perennial,clay,Uttar Pradesh
80,49,80,21.36861583,88.08656645,7.058753392,39.87852409,cabbage,Perennial,clay,Tamil Nadu
75,44,72,18.8657722,59.11700379,5.704112843,179.2827081,cabbage,Perennial,black,Karnataka
76,49,74,17.1154913,58.50289904,7.145304278,98.28627649,cabbage,Perennial,red,Tamil Nadu
70,55,80,24.11603336,82.77462942,7.356359124,35.96916704,cabbage,Perennial,clay,Uttar Pradesh
80,60,71,24.56154017,77.29931548,5.937382427,170.0109412,cabbage,Perennial,black,Maharashtra
81,59,75,33.30485981,79.31191384,6.601374055,43.99904434,cabbage,Perennial,clay,Punjab
74,52,88,27.20506076,54.49766244,5.887164145,135.8055884,cabbage,Perennial,clay,Punjab
89,57,86,19.86746383,86.67313619,6.38428358,148.943423,cabbage,Perennial,loamy,Uttar Pradesh
79,54,89,33.18163901,58.49352033,6.294570415,28.81759374,cabbage,Perennial,sandy,Tamil Nadu
89,54,75,27.7628908,60.04232787,6.678627433,45.62098098,cabbage,Perennial,loamy,Punjab
73,47,74,31.32796669,78.94075121,7.355063021,147.1183213,cabbage,Perennial,loamy,Maharashtra
88,53,70,21.58403519,69.43432649,6.832912229,142.2880162,cabbage,Perennial,clay,Uttar Pradesh
75,42,73,22.85378792,69.79332889,6.555088165,183.9894339,cabbage,Perennial,black,Tamil Nadu
74,59,71,25.49000915,76.1613653,7.147820193,34.76696374,cabbage,Perennial,clay,Uttar Pradesh
77,48,84,20.48185406,53.19304329,6.939349254,53.50355969,cabbage,Perennial,red,Karnataka
70,49,75,27.24445368,46.39841656,6.78442434,190.2489678,cabbage,Perennial,loamy,Tamil Nadu
87,49,78,28.09492682,46.90615726,7.048830017,106.5571407,cabbage,Perennial,clay,Karnataka
71,55,80,16.07863031,45.34201556,6.017440851,156.8408992,cabbage,Perennial,clay,Karnataka
90,46,70,23.73971981,62.80588704,6.030151189,25.59939925,cabbage,Perennial,loamy,Uttar Pradesh
74,47,77,17.74360227,53.96653315,7.332251368,181.7664987,cabbage,Perennial,sandy,Tamil Nadu
81,47,90,32.49885126,72.39039287,7.011905277,104.6050827,cabbage,Perennial,clay,Uttar Pradesh
85,48,81,17.37545379,57.87321733,6.628135378,46.607764,cabbage,Perennial,sandy,Tamil Nadu
75,50,81,27.84484113,60.81659567,6.522693423,105.3413305,cabbage,Perennial,sandy,Maharashtra
90,49,84,16.38329243,46.1977504,5.881001143,97.16706062,cabbage,Perennial,clay,Uttar Pradesh
38,59,44,34.79281882,44.49579109,7.07473493,56.13436534,peas,Rabi,loamy,Tamil Nadu
49,49,38,18.65269813,63.5793176,6.448015964,101.9170712,peas,Rabi,red,Punjab
43,56,38,23.86374599,86.70302486,7.252457807,102.155635,peas,Rabi,sandy,Punjab
36,43,48,16.62300051,73.25667111,6.686001008,57.53857341,peas,Rabi,sandy,Tamil Nadu
48,60,44,27.56046552,74.30232411,5.830933509,66.47384769,peas,Rabi,black,Tamil Nadu
34,50,31,29.85150328,50.47276475,6.91267259,55.31797096,peas,Rabi,clay,Uttar Pradesh
40,59,31,27.9941018,82.52431726,6.290223714,44.76785064,peas,Rabi,sandy,Karnataka
41,43,37,29.40921126,56.96993234,6.222725016,178.9229984,peas,Rabi,sandy,Tamil Nadu
36,54,46,19.75386467,55.87987835,5.594169143,110.8872758,peas,Rabi,sandy,Tamil Nadu
35,41,33,15.54360001,74.6272207,6.250741606,64.11550006,peas,Rabi,loamy,Maharashtra
47,45,37,32.44564407,53.33442451,5.667713392,121.7552852,peas,Rabi,red,Karnataka
34,48,31,31.43098631,45.74750151,6.557077733,47.79019428,peas,Rabi,sandy,Maharashtra
37,55,41,27.49092992,85.03744537,5.59036882,90.32166986,peas,Rabi,loamy,Punjab
36,53,32,33.93405027,89.22454744,6.31577222,35.84770783,peas,Rabi,red,Maharashtra
47,60,46,21.76037285,89.09878546,5.679309718,61.64086496,peas,Rabi,clay,Maharashtra
41,42,38,26.34373365,82.64629061,6.436832933,128.7891292,peas,Rabi,black,Punjab
43,42,43,32.6483806,52.07928507,7.156507923,175.4201088,peas,Rabi,red,Karnataka
46,55,31,31.97475961,45.43245798,6.45381898,42.84253712,peas,Rabi,clay,Tamil Nadu
33,43,42,19.19379065,56.43723739,5.990143414,139.7057549,peas,Rabi,loamy,Tamil Nadu
41,54,45,19.01179286,73.47366854,7.086770324,115.5762607,peas,Rabi,clay,Karnataka
33,43,50,26.54958616,63.92610585,5.655736791,64.5680371,peas,Rabi,black,Punjab
45,56,30,27.83194009,85.99349002,7.336263568,76.98170099,peas,Rabi,sandy,Maharashtra
43,47,45,15.48486323,61.2730058,6.210006339,102.0309127,peas,Rabi,sandy,Tamil Nadu
46,54,39,16.40406046,81.89174991,6.789547755,44.61227581,peas,Rabi,clay,Uttar Pradesh
41,41,34,17.70375625,68.99959776,6.173843123,113.8157431,peas,Rabi,clay,Punjab
35,54,39,24.48980876,64.14537459,6.22586576,157.9128798,peas,Rabi,clay,Tamil Nadu
33,45,42,32.99907362,88.62451684,5.783570307,151.8864862,peas,Rabi,sandy,Punjab
48,45,34,19.74908229,62.06466981,7.120333634,160.1883972,peas,Rabi,black,Karnataka
37,57,41,17.04333447,83.52794478,6.639086455,151.1504208,peas,Rabi,clay,Tamil Nadu
46,56,32,23.50930535,76.1336208,6.885378588,149.7138719,peas,Rabi,loamy,Tamil Nadu
34,53,42,29.07620401,87.34616891,6.21570099,104.364898,peas,Rabi,red,Maharashtra
33,52,40,20.3915091,81.78108301,7.289640388,69.71200042,peas,Rabi,red,Punjab
33,59,37,24.79412156,51.3555324,7.275188689,196.9637326,peas,Rabi,red,Uttar Pradesh
33,54,32,31.22235833,58.05477035,5.987005074,175.7683803,peas,Rabi,black,Maharashtra
43,52,47,18.44544651,78.42420904,7.036945615,111.0616703,peas,Rabi,clay,Uttar Pradesh
34,41,37,34.70694204,77.42635163,7.006391025,116.8424309,peas,Rabi,red,Karnataka
50,44,36,18.08851672,52.31210092,5.874032091,192.0416378,peas,Rabi,clay,Karnataka
49,45,38,31.61683343,84.29564168,7.031008252,102.6165774,peas,Rabi,red,Karnataka
39,55,32,25.27467734,56.27791652,6.739576125,191.7588748,peas,Rabi,clay,Karnataka
46,48,42,16.07107995,52.67162386,7.427030992,143.0224665,peas,Rabi,sandy,Maharashtra
35,48,47,26.50228096,43.73817201,7.326326352,196.8057918,peas,Rabi,loamy,Karnataka
49,51,50,17.84619528,89.08256552,7.179998728,90.60222829,peas,Rabi,red,Maharashtra
50,55,50,17.58882137,45.75233231,7.150582624,94.10614963,peas,Rabi,clay,Maharashtra
48,53,44,26.84952058,41.13432088,7.299809798,176.5850777,peas,Rabi,black,Uttar Pradesh
46,58,50,19.91031295,46.82245125,6.097396214,56.0194164,peas,Rabi,red,Tamil Nadu
50,48,50,33.30656112,59.0347393,6.772012258,38.66298473,peas,Rabi,red,Punjab
40,49,34,34.96442802,75.73425205,6.745003698,54.0215665,peas,Rabi,clay,Tamil Nadu
43,42,31,33.58337452,71.05498406,5.537281419,176.8505542,peas,Rabi,red,Karnataka
35,52,50,19.12872638,81.49434459,6.119790244,164.6009763,peas,Rabi,loamy,Karnataka
45,54,42,31.93514274,44.34854078,6.251868563,124.1245256,peas,Rabi,sandy,Tamil Nadu
32,44,36,21.72018219,59.71671852,6.853954733,72.89176199,peas,Rabi,red,Karnataka
47,56,38,19.06610096,49.10144876,6.810657581,106.0865197,peas,Rabi,sandy,Maharashtra
40,50,49,30.74113123,44.2256484,5.514166245,43.10700921,peas,Rabi,loamy,Punjab
41,51,49,30.5544881,77.44243417,6.562128681,110.2451817,peas,Rabi,black,Uttar Pradesh
34,54,49,20.3845322,71.67928227,6.777653402,98.24385909,peas,Rabi,red,Punjab
43,41,45,34.74244706,65.8009115,5.643455571,40.29590412,peas,Rabi,black,Maharashtra
50,41,41,15.45156916,79.34446424,7.225212369,50.38691225,peas,Rabi,sandy,Tamil Nadu
36,59,44,25.76782488,60.71308223,6.735777609,100.6234719,peas,Rabi,sandy,Uttar Pradesh
38,55,36,17.71693011,51.25211637,7.324501818,188.7196048,peas,Rabi,clay,Maharashtra
31,58,42,32.1687645,78.45231439,5.912136167,31.93707844,peas,Rabi,sandy,Karnataka
34,57,44,16.65945066,46.29329068,5.567201915,145.7482243,peas,Rabi,clay,Punjab
46,59,48,29.82765061,62.01695106,6.715785549,82.2588858,peas,Rabi,sandy,Maharashtra
43,56,45,25.25288336,54.45110833,7.025726386,106.9190121,peas,Rabi,sandy,Punjab
44,58,50,19.58448822,59.36735771,5.929735815,177.5640056,peas,Rabi,clay,Punjab
37,43,45,27.00758434,49.70105927,7.250190172,160.9210138,peas,Rabi,loamy,Karnataka
36,45,45,33.12057981,80.32144977,5.522130483,116.2387787,peas,Rabi,red,Karnataka
37,46,41,27.42694802,49.5538893,5.798101054,86.65573907,peas,Rabi,clay,Maharashtra
34,46,48,15.24693249,46.17594774,6.577978422,96.70630483,peas,Rabi,black,Tamil Nadu
38,60,38,19.72335001,47.71707895,7.05721932,134.8169704,peas,Rabi,red,Uttar Pradesh
47,59,46,21.44443484,82.58394135,7.221411576,61.33323074,peas,Rabi,red,Punjab
33,60,31,29.64542627,45.26794585,5.705227415,35.42422654,peas,Rabi,clay,Punjab
34,42,42,26.86468852,54.28425819,7.10252778,174.4711609,peas,Rabi,clay,Karnataka
47,51,43,31.54192653,61.88304385,5.657138192,62.4026377,peas,Rabi,black,Punjab
39,59,42,24.9152159,40.53574572,6.17990832,54.56523758,peas,Rabi,sandy,Punjab
35,48,30,20.77853964,71.02766664,6.794495851,61.83199984,peas,Rabi,clay,Tamil Nadu
40,57,45,23.42325774,51.69338712,7.22386388,162.6581286,peas,Rabi,black,Punjab
45,45,30,26.24188196,51.47504352,6.557518136,80.53433635,peas,Rabi,clay,Uttar Pradesh
40,44,31,23.84428536,42.71052073,6.218085356,56.87567858,peas,Rabi,clay,Punjab
48,44,46,34.6028227,60.60920788,6.37708144,146.4538386,peas,Rabi,black,Punjab
35,52,36,17.68578653,83.83065882,6.603804982,38.06611956,peas,Rabi,clay,Maharashtra
31,46,47,32.00929552,55.53112592,6.1421888,66.41939591,peas,Rabi,clay,Tamil Nadu
47,46,42,31.07810258,44.04987448,6.484139874,91.57880084,peas,Rabi,black,Karnataka
33,42,46,19.28281604,65.59525935,6.962166177,170.0115226,peas,Rabi,clay,Karnataka
35,53,45,29.49493434,82.83341787,6.683398848,54.22522637,peas,Rabi,loamy,Maharashtra
31,48,50,33.31773876,44.97422469,6.633965872,128.8195633,peas,Rabi,clay,Punjab
37,43,50,25.39058898,61.31126986,6.57613898,166.9195027,peas,Rabi,loamy,Tamil Nadu
47,47,31,19.32641864,56.63062924,6.246568386,30.32570047,peas,Rabi,loamy,Tamil Nadu
40,41,44,23.81203449,81.22475189,5.673074317,191.0148475,peas,Rabi,loamy,Maharashtra
48,52,40,19.11864814,57.43778638,7.186021202,65.13067407,peas,Rabi,loamy,Karnataka
33,47,49,23.34005083,83.98588702,5.921669179,60.8332878,peas,Rabi,loamy,Uttar Pradesh
37,44,44,29.3089297,42.99476034,6.137702272,33.61912277,peas,Rabi,red,Tamil Nadu
35,53,33,24.27876057,59.8649743,6.069193231,66.1640105,peas,Rabi,red,Karnataka
33,44,36,34.47565543,47.71680198,6.639104838,29.02095533,peas,Rabi,loamy,Punjab
34,45,45,24.62814966,67.34205947,6.328587202,138.5934014,peas,Rabi,loamy,Maharashtra
45,43,48,22.75560746,75.4124232,6.626357761,93.5865982,peas,Rabi,black,Maharashtra
46,51,39,30.48159268,66.94813163,5.803375274,52.83772651,peas,Rabi,clay,Uttar Pradesh
31,50,30,27.17726748,51.19899478,7.381384655,105.1673587,peas,Rabi,sandy,Karnataka
36,51,34,34.18887697,43.93166443,6.8166352,72.1971946,peas,Rabi,sandy,Maharashtra
49,48,42,31.27559829,44.05031947,7.108924169,48.95512145,peas,Rabi,loamy,Tamil Nadu
47,51,30,34.05252781,40.29525402,5.551905523,59.22746041,peas,Rabi,clay,Maharashtra
48,49,37,28.20161415,70.99213533,6.672057132,175.4413474,greengram,Kharif,red,Uttar Pradesh
47,35,25,18.51856602,80.84889706,6.817206175,115.2335951,greengram,Kharif,sandy,Uttar Pradesh
31,50,40,32.75159119,41.77804304,7.174388627,167.6298326,greengram,Kharif,red,Karnataka
38,54,32,27.95488262,85.37632048,6.599327836,140.0653575,greengram,Kharif,red,Maharashtra
30,55,28,24.2857706,82.91733344,5.764301373,160.914032,greengram,Kharif,sandy,Karnataka
44,48,37,21.24719592,89.83090297,7.379212092,121.4271181,greengram,Kharif,loamy,Karnataka
50,40,28,25.26276019,48.62216627,7.118015216,34.3915891,greengram,Kharif,red,Punjab
33,42,31,25.52858921,73.97885405,6.815256765,85.36407525,greengram,Kharif,clay,Uttar Pradesh
39,55,30,16.11076659,49.11513793,7.392115386,81.44529229,greengram,Kharif,black,Maharashtra
37,45,37,28.88633274,80.88594904,5.753818964,44.44757221,greengram,Kharif,sandy,Karnataka
47,47,38,32.31463654,66.27423514,6.105829542,111.3633791,greengram,Kharif,sandy,Maharashtra
38,48,45,15.77603776,75.19834682,6.600073713,29.73796594,greengram,Kharif,loamy,Tamil Nadu
39,53,42,30.82020901,87.93039499,6.511616957,80.21593048,greengram,Kharif,black,Uttar Pradesh
32,40,31,15.77163588,53.70235769,6.394085521,59.08047392,greengram,Kharif,clay,Tamil Nadu
32,52,26,20.46751974,62.0015631,6.349925592,149.882919,greengram,Kharif,loamy,Tamil Nadu
34,35,44,26.05509206,76.52488221,6.397672501,47.54522279,greengram,Kharif,sandy,Maharashtra
33,46,30,20.08868695,63.68156579,6.057821948,70.93323042,greengram,Kharif,black,Maharashtra
35,52,39,32.64660467,66.04153251,6.891542854,36.8966194,greengram,Kharif,clay,Punjab
36,43,36,27.03402582,53.76952378,5.854522684,95.43591169,greengram,Kharif,sandy,Punjab
42,50,45,32.75789601,68.78422999,5.985405004,78.97774738,greengram,Kharif,black,Punjab
46,52,31,30.70610645,66.41112394,6.710400687,47.9723104,greengram,Kharif,red,Uttar Pradesh
49,43,27,18.33087314,75.70594466,7.425725754,127.0754461,greengram,Kharif,loamy,Uttar Pradesh
50,37,27,28.00706375,68.07897033,7.019116676,92.91754928,greengram,Kharif,clay,Maharashtra
34,47,43,30.45470833,48.67085684,7.237258382,157.9906683,greengram,Kharif,black,Punjab
45,35,38,33.61243349,47.98196036,5.896478892,119.6511805,greengram,Kharif,black,Uttar Pradesh
37,51,25,18.9353261,41.39661697,6.395428826,68.03302934,greengram,Kharif,black,Maharashtra
37,37,45,18.98478525,83.52401726,5.969558141,166.8281884,greengram,Kharif,loamy,Maharashtra
32,42,35,26.87147165,69.55835652,5.597903877,98.56347611,greengram,Kharif,sandy,Tamil Nadu
39,53,41,25.03941531,80.0746105,6.584050618,165.2858697,greengram,Kharif,loamy,Uttar Pradesh
48,54,34,23.95790119,73.15820619,7.182322877,120.7288076,greengram,Kharif,clay,Maharashtra
49,55,35,31.21422339,64.08993881,5.678871948,167.4931584,greengram,Kharif,clay,Uttar Pradesh
38,39,39,21.6510907,59.29702795,6.810494852,83.26582884,greengram,Kharif,red,Tamil Nadu
37,38,26,19.0542949,82.38946017,6.976176624,127.4112536,greengram,Kharif,sandy,Maharashtra
36,40,41,29.41105587,53.77063442,6.372539016,173.2553685,greengram,Kharif,black,Tamil Nadu
36,35,25,33.60190822,80.20645233,6.948554231,83.77058832,greengram,Kharif,sandy,Maharashtra
50,46,31,17.68033578,76.41659613,6.549962578,37.26705254,greengram,Kharif,clay,Tamil Nadu
47,47,27,22.05544074,61.53620618,5.649064573,73.30922207,greengram,Kharif,clay,Punjab
45,51,42,17.10508319,49.67918902,5.733988382,47.63921149,greengram,Kharif,sandy,Tamil Nadu
50,52,45,23.62115286,51.4008927,6.895761087,140.6289595,greengram,Kharif,sandy,Karnataka
34,44,33,17.24671939,45.93255481,6.239914426,72.72133891,greengram,Kharif,black,Tamil Nadu
50,42,37,17.94290709,79.55840675,5.736333378,92.97796738,greengram,Kharif,loamy,Maharashtra
33,47,44,21.80789963,41.11303894,7.00299791,115.1683314,greengram,Kharif,clay,Tamil Nadu
39,36,33,26.52551006,79.49554202,7.293138453,84.28124029,greengram,Kharif,sandy,Karnataka
44,45,30,18.2821796,81.9405393,7.064796468,70.28788507,greengram,Kharif,black,Karnataka
31,38,32,32.63718159,44.08502876,6.379530409,28.53361274,greengram,Kharif,sandy,Tamil Nadu
38,45,25,26.12979063,75.91213557,7.412626902,148.9959616,greengram,Kharif,sandy,Punjab
40,49,25,28.52575119,78.19417607,7.399170851,51.70703985,greengram,Kharif,sandy,Tamil Nadu
49,37,30,32.5535495,57.6714089,6.98083392,26.28477426,greengram,Kharif,red,Karnataka
39,38,27,22.89362173,52.28268638,7.124498502,111.8227474,greengram,Kharif,loamy,Uttar Pradesh
39,45,36,32.75266071,80.88457328,7.070559526,44.45672318,greengram,Kharif,clay,Punjab
48,49,33,29.59719956,61.41203606,6.43683788,176.3056777,greengram,Kharif,sandy,Karnataka
32,47,26,19.57118511,62.73777973,6.350551323,156.237409,greengram,Kharif,loamy,Tamil Nadu
40,47,35,30.44513043,47.61269497,5.876734152,113.6068954,greengram,Kharif,clay,Karnataka
40,47,26,26.14094926,59.8608776,7.48992032,86.43195623,greengram,Kharif,red,Tamil Nadu
48,55,34,18.54188726,82.716443,6.168488649,98.19774506,greengram,Kharif,loamy,Punjab
44,48,26,26.50753282,42.28968695,6.698469615,147.4718473,greengram,Kharif,red,Tamil Nadu
35,42,37,27.49191988,88.82489018,7.475202139,189.5088856,greengram,Kharif,clay,Karnataka
49,48,31,25.43675034,70.98197485,6.723042156,167.8350704,greengram,Kharif,sandy,Uttar Pradesh
45,41,39,21.46490828,68.71343714,6.904285876,162.8872983,greengram,Kharif,loamy,Punjab
37,39,45,28.96432664,50.24503386,7.084522998,53.92021364,greengram,Kharif,red,Punjab
32,38,29,29.85705521,42.70763333,6.587210895,161.4885736,greengram,Kharif,red,Punjab
43,43,32,24.27384456,74.4669113,6.640738033,107.0631682,greengram,Kharif,red,Maharashtra
44,51,27,31.79138748,84.60400775,7.169895932,46.20611375,greengram,Kharif,loamy,Karnataka
50,38,31,21.97249444,85.04625416,5.502643861,143.4873578,greengram,Kharif,loamy,Punjab
48,52,43,19.18550011,57.23464035,6.108906636,179.3480272,greengram,Kharif,black,Tamil Nadu
46,48,36,27.41941553,66.74030634,6.81316898,106.7673458,greengram,Kharif,black,Tamil Nadu
30,42,31,22.67468263,40.08323116,6.464970386,142.990429,greengram,Kharif,clay,Uttar Pradesh
50,36,26,29.51506253,81.90591994,6.355314389,128.4687239,greengram,Kharif,red,Karnataka
31,54,32,18.24082187,57.20604932,6.484876565,62.93685699,greengram,Kharif,sandy,Maharashtra
34,46,35,15.29219337,81.0306936,6.899819785,102.6457796,greengram,Kharif,clay,Karnataka
49,42,39,18.9475697,55.9123325,5.640826209,80.72149327,greengram,Kharif,black,Uttar Pradesh
38,48,31,34.34070199,84.49814972,6.052687319,68.36721058,greengram,Kharif,sandy,Karnataka
38,51,31,26.83341704,69.77137404,7.42844598,184.6003534,greengram,Kharif,sandy,Uttar Pradesh
41,53,31,31.90861907,73.95800407,6.098950503,159.6407608,greengram,Kharif,sandy,Maharashtra
32,42,42,17.77760158,81.75114521,5.858589741,176.3341767,greengram,Kharif,sandy,Tamil Nadu
37,54,38,20.61420944,48.48075096,6.235376816,167.8881173,greengram,Kharif,sandy,Tamil Nadu
50,53,36,31.6529954,87.49353114,6.874590815,103.9991377,greengram,Kharif,red,Uttar Pradesh
45,53,45,27.83113935,72.74689749,5.634219603,104.7597243,greengram,Kharif,red,Punjab
33,50,35,29.15762272,67.6737626,7.053500408,70.05398915,greengram,Kharif,red,Uttar Pradesh
39,39,32,16.21897059,82.40008867,7.247323052,55.7813064,greengram,Kharif,red,Uttar Pradesh
48,54,34,22.08223319,45.52719028,5.899645974,65.63133811,greengram,Kharif,red,Tamil Nadu
36,46,27,19.78392241,42.92020662,6.588282571,191.017877,greengram,Kharif,sandy,Punjab
41,35,41,22.85989335,79.4555953,5.665510673,111.6873658,greengram,Kharif,black,Maharashtra
30,52,36,15.70870666,44.52211682,6.672724117,44.43554183,greengram,Kharif,clay,Maharashtra
41,52,44,27.50056867,87.06657141,6.759219817,20.36081092,greengram,Kharif,red,Maharashtra
42,38,29,19.98666662,57.97903619,7.452370363,168.3064955,greengram,Kharif,clay,Maharashtra
45,39,31,25.58768555,41.40748667,5.591068117,166.1812388,greengram,Kharif,clay,Tamil Nadu
36,41,29,23.65627529,41.31455565,6.296867269,131.6920446,greengram,Kharif,loamy,Tamil Nadu
45,36,26,29.73695016,64.91796257,7.097887373,121.8209017,greengram,Kharif,black,Maharashtra
40,41,38,25.59464888,43.52617696,7.45316387,87.96347943,greengram,Kharif,black,Punjab
47,50,28,17.09246818,45.01893842,6.152930767,104.4458918,greengram,Kharif,black,Punjab
43,43,31,27.60223894,65.20532875,6.680602542,189.9451578,greengram,Kharif,sandy,Karnataka
43,44,37,34.08192735,59.38337677,5.558735687,61.81873875,greengram,Kharif,sandy,Maharashtra
45,50,40,19.79501409,64.96729577,6.072121418,29.70673314,greengram,Kharif,black,Uttar Pradesh
41,44,40,21.93012391,89.33409162,7.35151381,171.0706422,greengram,Kharif,loamy,Uttar Pradesh
33,37,41,28.26117012,54.6086251,5.745963159,59.36030261,greengram,Kharif,black,Karnataka
45,46,28,32.95128348,85.87122716,6.457136411,28.09657235,greengram,Kharif,loamy,Uttar Pradesh
50,47,33,32.63595187,51.91400244,6.117576594,122.4769319,greengram,Kharif,loamy,Maharashtra
36,50,29,20.27988354,40.00488874,6.838724144,101.543829,greengram,Kharif,black,Tamil Nadu
47,45,45,21.92718069,63.90496682,5.766008126,131.2986726,greengram,Kharif,clay,Maharashtra
58,50,34,25.44535469,42.05933317,7.196796798,51.5289219,redgram,Kharif,red,Tamil Nadu
60,39,31,34.39993904,59.41252108,5.848180673,50.096627,redgram,Kharif,clay,Tamil Nadu
51,35,41,22.26277757,80.10369478,7.073912896,169.2034897,redgram,Kharif,red,Maharashtra
41,35,47,22.80487341,47.74124634,6.706722414,69.03858428,redgram,Kharif,red,Punjab
50,50,33,27.77970902,78.63717506,7.088241611,132.0142981,redgram,Kharif,sandy,Uttar Pradesh
46,46,44,20.84044159,56.78720789,6.574307822,146.5211903,redgram,Kharif,black,Maharashtra
43,43,36,22.62432979,65.40953855,6.448202104,199.3859021,redgram,Kharif,loamy,Uttar Pradesh
50,41,47,25.15981932,40.48052063,6.741890508,20.4236892,redgram,Kharif,black,Tamil Nadu
40,42,47,23.3893178,43.66336045,6.438520234,131.5932088,redgram,Kharif,loamy,Uttar Pradesh
44,42,46,34.93640275,52.56427892,6.601388184,163.1529016,redgram,Kharif,clay,Punjab
40,46,49,24.35129871,46.44456808,5.645317644,79.9953674,redgram,Kharif,sandy,Maharashtra
50,39,30,31.36656633,71.34790901,6.959489517,128.5852502,redgram,Kharif,clay,Maharashtra
47,48,39,34.65625944,48.12254084,6.355586874,144.0337347,redgram,Kharif,sandy,Maharashtra
55,53,46,21.38139157,55.62385247,5.590790532,154.3778902,redgram,Kharif,clay,Maharashtra
58,46,48,32.88338784,47.25562643,6.427980451,84.54630217,redgram,Kharif,clay,Maharashtra
58,43,39,31.68167223,53.88822839,5.990876764,161.6069378,redgram,Kharif,clay,Tamil Nadu
49,44,39,24.34970923,46.61815029,7.456447927,34.69628246,redgram,Kharif,black,Uttar Pradesh
56,52,33,24.03273828,51.93793427,6.048779597,170.5944134,redgram,Kharif,clay,Maharashtra
52,47,42,19.53318013,80.59541154,6.203850177,189.6625195,redgram,Kharif,sandy,Uttar Pradesh
54,52,44,22.05286535,73.70856289,6.379037052,184.8597665,redgram,Kharif,clay,Karnataka
56,41,43,28.77097522,55.16415435,6.449358735,157.9841576,redgram,Kharif,black,Punjab
51,43,47,22.10937736,85.39237434,6.076676742,150.0215547,redgram,Kharif,black,Maharashtra
43,49,32,30.34845469,40.98664993,5.968526717,198.876834,redgram,Kharif,black,Maharashtra
45,50,44,22.01537812,82.86867133,6.83138876,179.2263276,redgram,Kharif,red,Uttar Pradesh
46,36,47,28.96641106,85.04245988,7.108175025,138.385398,redgram,Kharif,black,Karnataka
50,38,46,17.16473432,87.56553513,6.742071548,172.7342434,redgram,Kharif,loamy,Tamil Nadu
44,45,46,30.08895297,46.61462011,6.704677342,154.992156,redgram,Kharif,clay,Uttar Pradesh
52,43,48,22.19431644,58.59214737,7.389372308,135.914571,redgram,Kharif,black,Tamil Nadu
57,51,50,33.81917555,76.72592183,7.440764784,55.78814289,redgram,Kharif,sandy,Karnataka
42,41,41,16.21947401,41.56295649,6.822168934,72.95084966,redgram,Kharif,loamy,Punjab
48,43,47,19.14042088,56.09427225,6.081448871,192.5710831,redgram,Kharif,sandy,Uttar Pradesh
43,38,32,25.63121257,44.93408968,6.483767161,153.0356154,redgram,Kharif,clay,Punjab
41,38,45,32.45990784,86.61077593,6.47682176,22.97612664,redgram,Kharif,red,Karnataka
48,50,39,29.5526728,53.67590521,5.571088328,196.8739783,redgram,Kharif,sandy,Karnataka
49,50,45,30.58115901,41.20459195,6.626919218,148.2074778,redgram,Kharif,red,Maharashtra
43,50,49,30.14089477,56.60593326,6.36849593,106.0268795,redgram,Kharif,black,Uttar Pradesh
59,54,45,28.32418102,71.66890381,6.833064623,163.3318747,redgram,Kharif,black,Karnataka
55,49,43,31.12214525,40.33659224,6.81204728,100.9938989,redgram,Kharif,sandy,Tamil Nadu
42,41,41,18.54741399,71.66636403,6.270211626,178.6347992,redgram,Kharif,sandy,Uttar Pradesh
56,51,36,28.75517175,81.60637309,6.694869832,38.24032851,redgram,Kharif,clay,Tamil Nadu
57,49,47,29.2892734,84.11350011,7.453675988,158.1923517,redgram,Kharif,loamy,Tamil Nadu
56,54,43,26.53499382,85.02407035,6.586669969,34.23452676,redgram,Kharif,clay,Tamil Nadu
51,45,48,27.5006993,56.45978141,7.093722462,23.85667178,redgram,Kharif,sandy,Uttar Pradesh
57,38,42,19.70722541,80.03322188,5.728834434,113.1870178,redgram,Kharif,red,Karnataka
54,47,42,19.45628391,74.69242862,7.270697023,139.8644432,redgram,Kharif,black,Punjab
57,47,43,24.93649176,82.48863224,5.868384192,119.5312521,redgram,Kharif,black,Karnataka
53,55,43,23.54322755,73.99426179,6.21823072,55.07791259,redgram,Kharif,clay,Karnataka
43,55,45,25.58705432,48.66952326,6.003751391,39.34166685,redgram,Kharif,black,Uttar Pradesh
48,48,36,18.26256848,40.37680061,7.299480419,142.2165572,redgram,Kharif,clay,Uttar Pradesh
51,37,38,34.62686265,58.14765052,5.577716918,60.41672483,redgram,Kharif,red,Uttar Pradesh
43,47,44,16.25477309,45.49723396,7.11071186,60.59503581,redgram,Kharif,red,Uttar Pradesh
44,48,36,18.84800824,43.26763751,7.037905745,62.42617123,redgram,Kharif,black,Maharashtra
54,42,33,26.08130903,71.65324585,6.822490403,104.8418591,redgram,Kharif,red,Karnataka
53,36,35,33.80447121,73.68182845,6.844012388,190.3436638,redgram,Kharif,black,Uttar Pradesh
50,38,42,22.63109332,69.32944255,7.08272379,93.5827774,redgram,Kharif,black,Uttar Pradesh
51,45,39,29.63998288,51.24888586,7.139520337,109.4886688,redgram,Kharif,clay,Punjab
54,47,40,22.43160359,78.33870482,6.507458279,44.9895728,redgram,Kharif,black,Uttar Pradesh
52,36,34,17.15534384,45.49235859,5.983184627,157.0093755,redgram,Kharif,sandy,Karnataka
45,46,33,26.05158733,60.68544298,6.613203687,166.8863043,redgram,Kharif,sandy,Uttar Pradesh
57,40,49,18.89929063,59.34199275,6.281438412,155.9701082,redgram,Kharif,red,Karnataka
46,39,40,28.90633621,89.18638881,6.75258648,60.21494602,redgram,Kharif,loamy,Tamil Nadu
48,36,42,21.41453389,78.32648939,6.530601268,97.4535251,redgram,Kharif,loamy,Karnataka
49,38,33,23.06262335,68.19771285,7.424277222,150.3633699,redgram,Kharif,clay,Tamil Nadu
49,44,31,30.0413978,87.91643903,5.51833096,134.4914067,redgram,Kharif,loamy,Karnataka
44,42,35,25.11840376,61.88503881,7.025818789,191.9448833,redgram,Kharif,clay,Tamil Nadu
57,45,37,28.90114825,86.51163234,5.672256139,157.8899974,redgram,Kharif,black,Karnataka
59,39,40,18.16758376,72.49835687,7.211804581,79.47444119,redgram,Kharif,loamy,Tamil Nadu
57,40,44,32.71297461,63.24907674,7.29946881,134.0929967,redgram,Kharif,black,Uttar Pradesh
41,43,49,19.04351812,83.13427304,6.123684459,64.08866397,redgram,Kharif,clay,Tamil Nadu
44,45,42,16.21201881,77.26139615,5.632536229,171.495609,redgram,Kharif,red,Maharashtra
60,52,36,23.27401537,83.82583883,6.650344454,44.27852088,redgram,Kharif,clay,Uttar Pradesh
48,35,45,32.54833157,81.99959094,7.177022028,116.086276,redgram,Kharif,black,Karnataka
56,46,47,16.79894701,53.91602385,6.194549599,187.0739474,redgram,Kharif,clay,Tamil Nadu
48,39,34,29.95859636,78.05747477,7.112322695,164.0877979,redgram,Kharif,clay,Tamil Nadu
53,47,42,17.76044879,44.4221882,5.648225133,132.0335187,redgram,Kharif,red,Karnataka
43,52,44,29.00613713,50.40026127,5.688602277,190.5485973,redgram,Kharif,clay,Maharashtra
46,51,50,22.56837857,87.92013899,6.238644751,35.32780211,redgram,Kharif,sandy,Uttar Pradesh
58,47,47,24.76412509,48.22812089,6.451843071,128.0804663,redgram,Kharif,clay,Uttar Pradesh
53,46,47,26.60653359,41.5869674,6.213124895,84.96399828,redgram,Kharif,sandy,Punjab
40,47,46,23.64723485,67.00456596,7.077563312,42.56140348,redgram,Kharif,red,Maharashtra
54,36,36,15.09094342,43.52420115,7.196657015,78.45203159,redgram,Kharif,sandy,Karnataka
58,35,34,27.26944742,52.20630994,6.435651083,164.7720934,redgram,Kharif,sandy,Karnataka
41,40,36,22.4337611,41.32197528,5.689150378,104.4936269,redgram,Kharif,black,Maharashtra
45,37,30,20.51626562,80.92724615,5.691874974,63.76981072,redgram,Kharif,black,Uttar Pradesh
45,54,49,23.47217375,89.13659696,7.262680998,98.55222144,redgram,Kharif,sandy,Tamil Nadu
55,36,42,18.20397504,62.22778278,7.388338715,190.9275881,redgram,Kharif,red,Karnataka
41,44,31,19.58552077,89.68565046,7.097241425,104.4001419,redgram,Kharif,sandy,Punjab
45,55,43,21.42208979,88.78409376,6.747645931,56.3366425,redgram,Kharif,loamy,Maharashtra
46,44,30,23.49934427,70.46889676,6.010255251,147.8975391,redgram,Kharif,sandy,Karnataka
51,43,39,18.62228733,53.33241012,5.828215093,111.3190784,redgram,Kharif,black,Uttar Pradesh
41,47,40,15.79399601,70.15989916,7.225193853,120.2096598,redgram,Kharif,red,Karnataka
59,43,30,23.82780977,68.44649185,7.136542087,135.4210479,redgram,Kharif,sandy,Tamil Nadu
50,42,40,30.06179431,50.36918338,6.666461473,76.36851913,redgram,Kharif,clay,Punjab
53,43,35,30.75222985,83.143369,5.567204484,157.4363244,redgram,Kharif,red,Maharashtra
59,54,33,22.15044698,87.56528041,5.687680201,45.0456703,redgram,Kharif,red,Tamil Nadu
47,54,35,20.65493689,79.03315978,6.616185995,93.06533293,redgram,Kharif,black,Punjab
53,37,41,21.98813686,62.34250729,7.292281497,77.41363187,redgram,Kharif,red,Tamil Nadu
54,43,32,34.07197655,84.83825504,6.136896005,26.60105864,redgram,Kharif,clay,Tamil Nadu
49,45,32,27.7374899,81.65408517,7.395057568,31.29381481,redgram,Kharif,red,Punjab
43,50,50,31.37911344,53.24508932,6.907502352,73.62927012,redgram,Kharif,black,Tamil Nadu
